#
# TABLE STRUCTURE FOR: Astronaut
#

DROP TABLE IF EXISTS `Astronaut`;

CREATE TABLE `Astronaut` (
  `AstroID` int(11) NOT NULL,
  `Name` varchar(100) COLLATE utf8_unicode_ci DEFAULT NULL,
  PRIMARY KEY (`AstroID`)
) ENGINE=InnoDB DEFAULT CHARSET=utf8 COLLATE=utf8_unicode_ci;

INSERT INTO `Astronaut` (`AstroID`, `Name`) VALUES (114845, 'Johathan Bechtelar III');
INSERT INTO `Astronaut` (`AstroID`, `Name`) VALUES (124708, 'Johnson Mertz');
INSERT INTO `Astronaut` (`AstroID`, `Name`) VALUES (135093, 'Benny Lockman');
INSERT INTO `Astronaut` (`AstroID`, `Name`) VALUES (143428, 'Cloyd Lakin');
INSERT INTO `Astronaut` (`AstroID`, `Name`) VALUES (145281, 'Kathleen Kuphal');
INSERT INTO `Astronaut` (`AstroID`, `Name`) VALUES (145545, 'Mrs. Vilma Bartell V');
INSERT INTO `Astronaut` (`AstroID`, `Name`) VALUES (153700, 'Prof. Kaitlyn Lehner');
INSERT INTO `Astronaut` (`AstroID`, `Name`) VALUES (156023, 'Harold Cole');
INSERT INTO `Astronaut` (`AstroID`, `Name`) VALUES (162233, 'Dr. Georgette Lowe');
INSERT INTO `Astronaut` (`AstroID`, `Name`) VALUES (163269, 'Britney Swaniawski');
INSERT INTO `Astronaut` (`AstroID`, `Name`) VALUES (166185, 'Gerda Reynolds');
INSERT INTO `Astronaut` (`AstroID`, `Name`) VALUES (202235, 'Weldon Hammes');
INSERT INTO `Astronaut` (`AstroID`, `Name`) VALUES (211407, 'Katlynn McKenzie');
INSERT INTO `Astronaut` (`AstroID`, `Name`) VALUES (221038, 'Jenifer Goodwin');
INSERT INTO `Astronaut` (`AstroID`, `Name`) VALUES (225989, 'Miss Lorna Bosco I');
INSERT INTO `Astronaut` (`AstroID`, `Name`) VALUES (234606, 'Dr. Raul Bartell DVM');
INSERT INTO `Astronaut` (`AstroID`, `Name`) VALUES (240047, 'Katarina Moore');
INSERT INTO `Astronaut` (`AstroID`, `Name`) VALUES (251759, 'Mr. Diamond O\'Kon');
INSERT INTO `Astronaut` (`AstroID`, `Name`) VALUES (253364, 'Jamal Kautzer PhD');
INSERT INTO `Astronaut` (`AstroID`, `Name`) VALUES (274166, 'Miss Luella Johnston II');
INSERT INTO `Astronaut` (`AstroID`, `Name`) VALUES (280585, 'Arely Bernhard II');
INSERT INTO `Astronaut` (`AstroID`, `Name`) VALUES (286286, 'Alanis Gutkowski Jr.');
INSERT INTO `Astronaut` (`AstroID`, `Name`) VALUES (286810, 'Charles Kling III');
INSERT INTO `Astronaut` (`AstroID`, `Name`) VALUES (303306, 'Dr. Kattie Abbott III');
INSERT INTO `Astronaut` (`AstroID`, `Name`) VALUES (315491, 'Prof. Iva Carroll');
INSERT INTO `Astronaut` (`AstroID`, `Name`) VALUES (319554, 'Lexus Gulgowski');
INSERT INTO `Astronaut` (`AstroID`, `Name`) VALUES (331777, 'Ewell Pfannerstill');
INSERT INTO `Astronaut` (`AstroID`, `Name`) VALUES (340051, 'Deshawn Borer');
INSERT INTO `Astronaut` (`AstroID`, `Name`) VALUES (361065, 'Miss Patience Sporer IV');
INSERT INTO `Astronaut` (`AstroID`, `Name`) VALUES (383740, 'Angie Goyette');
INSERT INTO `Astronaut` (`AstroID`, `Name`) VALUES (383900, 'Demarcus Lind');
INSERT INTO `Astronaut` (`AstroID`, `Name`) VALUES (408194, 'Paula Kunde');
INSERT INTO `Astronaut` (`AstroID`, `Name`) VALUES (434287, 'Eldon King');
INSERT INTO `Astronaut` (`AstroID`, `Name`) VALUES (453416, 'Isobel Adams');
INSERT INTO `Astronaut` (`AstroID`, `Name`) VALUES (453768, 'Abe Feest');
INSERT INTO `Astronaut` (`AstroID`, `Name`) VALUES (454938, 'Aletha Homenick');
INSERT INTO `Astronaut` (`AstroID`, `Name`) VALUES (460365, 'Billie Kutch');
INSERT INTO `Astronaut` (`AstroID`, `Name`) VALUES (475303, 'Dr. Ronny Zieme');
INSERT INTO `Astronaut` (`AstroID`, `Name`) VALUES (476846, 'Arnold Carter');
INSERT INTO `Astronaut` (`AstroID`, `Name`) VALUES (480535, 'Evie Abbott');
INSERT INTO `Astronaut` (`AstroID`, `Name`) VALUES (488032, 'Amparo Kassulke');
INSERT INTO `Astronaut` (`AstroID`, `Name`) VALUES (494178, 'Horacio Kilback II');
INSERT INTO `Astronaut` (`AstroID`, `Name`) VALUES (496853, 'Lafayette Lakin V');
INSERT INTO `Astronaut` (`AstroID`, `Name`) VALUES (506782, 'Lane Bins');
INSERT INTO `Astronaut` (`AstroID`, `Name`) VALUES (508258, 'Prof. Ardella Schimmel MD');
INSERT INTO `Astronaut` (`AstroID`, `Name`) VALUES (522432, 'Taryn Price I');
INSERT INTO `Astronaut` (`AstroID`, `Name`) VALUES (524739, 'Norberto Turner');
INSERT INTO `Astronaut` (`AstroID`, `Name`) VALUES (525574, 'Randall Powlowski');
INSERT INTO `Astronaut` (`AstroID`, `Name`) VALUES (527870, 'Francesca Stamm');
INSERT INTO `Astronaut` (`AstroID`, `Name`) VALUES (556767, 'Prof. Charley Kemmer');
INSERT INTO `Astronaut` (`AstroID`, `Name`) VALUES (557664, 'Leora Grady');
INSERT INTO `Astronaut` (`AstroID`, `Name`) VALUES (563999, 'Amalia Rath');
INSERT INTO `Astronaut` (`AstroID`, `Name`) VALUES (573308, 'Gordon Powlowski');
INSERT INTO `Astronaut` (`AstroID`, `Name`) VALUES (573528, 'Ms. Claudia Bayer');
INSERT INTO `Astronaut` (`AstroID`, `Name`) VALUES (582457, 'Mr. Dallin Maggio');
INSERT INTO `Astronaut` (`AstroID`, `Name`) VALUES (585518, 'Kieran Klocko');
INSERT INTO `Astronaut` (`AstroID`, `Name`) VALUES (597808, 'Deon Harber');
INSERT INTO `Astronaut` (`AstroID`, `Name`) VALUES (600514, 'Mrs. Elsa Bogan');
INSERT INTO `Astronaut` (`AstroID`, `Name`) VALUES (600791, 'Prof. Deshawn Gottlieb DDS');
INSERT INTO `Astronaut` (`AstroID`, `Name`) VALUES (602271, 'Benton Jacobi');
INSERT INTO `Astronaut` (`AstroID`, `Name`) VALUES (602977, 'Ms. Abigayle Rosenbaum V');
INSERT INTO `Astronaut` (`AstroID`, `Name`) VALUES (606312, 'Estella Reichert');
INSERT INTO `Astronaut` (`AstroID`, `Name`) VALUES (607190, 'Alice Orn Sr.');
INSERT INTO `Astronaut` (`AstroID`, `Name`) VALUES (611371, 'Mr. Ray Powlowski');
INSERT INTO `Astronaut` (`AstroID`, `Name`) VALUES (624954, 'Jacquelyn McCullough');
INSERT INTO `Astronaut` (`AstroID`, `Name`) VALUES (626124, 'Montana Reichert');
INSERT INTO `Astronaut` (`AstroID`, `Name`) VALUES (630152, 'Delmer Dickens');
INSERT INTO `Astronaut` (`AstroID`, `Name`) VALUES (631042, 'Cassandre Larkin');
INSERT INTO `Astronaut` (`AstroID`, `Name`) VALUES (639011, 'Tracey Thompson');
INSERT INTO `Astronaut` (`AstroID`, `Name`) VALUES (640569, 'Mr. Edgar Emmerich IV');
INSERT INTO `Astronaut` (`AstroID`, `Name`) VALUES (641882, 'Sedrick Mraz');
INSERT INTO `Astronaut` (`AstroID`, `Name`) VALUES (657198, 'Waldo Sauer IV');
INSERT INTO `Astronaut` (`AstroID`, `Name`) VALUES (662120, 'Alverta Murray');
INSERT INTO `Astronaut` (`AstroID`, `Name`) VALUES (672264, 'Veda Kertzmann');
INSERT INTO `Astronaut` (`AstroID`, `Name`) VALUES (703944, 'Mrs. Oma Haag I');
INSERT INTO `Astronaut` (`AstroID`, `Name`) VALUES (704526, 'Aidan Sanford');
INSERT INTO `Astronaut` (`AstroID`, `Name`) VALUES (714602, 'Marilie Gusikowski');
INSERT INTO `Astronaut` (`AstroID`, `Name`) VALUES (716055, 'Breanna Kuhn');
INSERT INTO `Astronaut` (`AstroID`, `Name`) VALUES (724110, 'Mr. Hailey Jones Jr.');
INSERT INTO `Astronaut` (`AstroID`, `Name`) VALUES (725577, 'Hassan Price');
INSERT INTO `Astronaut` (`AstroID`, `Name`) VALUES (753535, 'Reva Kohler PhD');
INSERT INTO `Astronaut` (`AstroID`, `Name`) VALUES (761164, 'Dr. Randy Zulauf');
INSERT INTO `Astronaut` (`AstroID`, `Name`) VALUES (774461, 'Amina Collier');
INSERT INTO `Astronaut` (`AstroID`, `Name`) VALUES (789671, 'Carlo Barton');
INSERT INTO `Astronaut` (`AstroID`, `Name`) VALUES (793023, 'Mr. Dagmar Hudson I');
INSERT INTO `Astronaut` (`AstroID`, `Name`) VALUES (822457, 'Emmanuelle Connelly V');
INSERT INTO `Astronaut` (`AstroID`, `Name`) VALUES (828687, 'Noemi Bauch');
INSERT INTO `Astronaut` (`AstroID`, `Name`) VALUES (833777, 'Dr. Renee Walter');
INSERT INTO `Astronaut` (`AstroID`, `Name`) VALUES (836569, 'Prof. Walton Bruen MD');
INSERT INTO `Astronaut` (`AstroID`, `Name`) VALUES (851002, 'Narciso Nader');
INSERT INTO `Astronaut` (`AstroID`, `Name`) VALUES (855497, 'Brock McGlynn');
INSERT INTO `Astronaut` (`AstroID`, `Name`) VALUES (878501, 'Mrs. Jaunita Graham V');
INSERT INTO `Astronaut` (`AstroID`, `Name`) VALUES (880272, 'Jena Boehm');
INSERT INTO `Astronaut` (`AstroID`, `Name`) VALUES (913540, 'Rafael Jacobi');
INSERT INTO `Astronaut` (`AstroID`, `Name`) VALUES (914911, 'Garland Kilback');
INSERT INTO `Astronaut` (`AstroID`, `Name`) VALUES (919942, 'Emmalee Bernier');
INSERT INTO `Astronaut` (`AstroID`, `Name`) VALUES (935396, 'Maryse Smitham');
INSERT INTO `Astronaut` (`AstroID`, `Name`) VALUES (948996, 'Roslyn Kub PhD');
INSERT INTO `Astronaut` (`AstroID`, `Name`) VALUES (964902, 'Prof. Vincent Stracke DDS');
INSERT INTO `Astronaut` (`AstroID`, `Name`) VALUES (966836, 'Dr. Erick Osinski');


#
# TABLE STRUCTURE FOR: Cargo
#

DROP TABLE IF EXISTS `Cargo`;

CREATE TABLE `Cargo` (
  `CargoID` int(11) NOT NULL,
  `CargoType` varchar(100) COLLATE utf8_unicode_ci DEFAULT NULL,
  `Weight` int(11) DEFAULT NULL,
  `Value` int(11) DEFAULT NULL,
  `CompanyID` int(11) DEFAULT NULL,
  PRIMARY KEY (`CargoID`),
  KEY `CompanyID` (`CompanyID`),
  CONSTRAINT `Cargo_ibfk_1` FOREIGN KEY (`CompanyID`) REFERENCES `Company` (`CompanyID`) ON DELETE SET NULL ON UPDATE SET NULL
) ENGINE=InnoDB DEFAULT CHARSET=utf8 COLLATE=utf8_unicode_ci;

INSERT INTO `Cargo` (`CargoID`, `CargoType`, `Weight`, `Value`, `CompanyID`) VALUES (1025, 'minus', 25791, 5124618, 3185);
INSERT INTO `Cargo` (`CargoID`, `CargoType`, `Weight`, `Value`, `CompanyID`) VALUES (1097, 'eos', 7737, 2967034, 3978);
INSERT INTO `Cargo` (`CargoID`, `CargoType`, `Weight`, `Value`, `CompanyID`) VALUES (1112, 'sint', 25221, 4660463, 6012);
INSERT INTO `Cargo` (`CargoID`, `CargoType`, `Weight`, `Value`, `CompanyID`) VALUES (1154, 'aut', 16851, 6110222, 1006);
INSERT INTO `Cargo` (`CargoID`, `CargoType`, `Weight`, `Value`, `CompanyID`) VALUES (1188, 'aut', 20039, 6144125, 1567);
INSERT INTO `Cargo` (`CargoID`, `CargoType`, `Weight`, `Value`, `CompanyID`) VALUES (1225, 'ut', 8172, 1876265, 7165);
INSERT INTO `Cargo` (`CargoID`, `CargoType`, `Weight`, `Value`, `CompanyID`) VALUES (1232, 'velit', 4858, 3606785, 5611);
INSERT INTO `Cargo` (`CargoID`, `CargoType`, `Weight`, `Value`, `CompanyID`) VALUES (1284, 'qui', 10685, 7402999, 1297);
INSERT INTO `Cargo` (`CargoID`, `CargoType`, `Weight`, `Value`, `CompanyID`) VALUES (1386, 'fuga', 14840, 2307806, 8339);
INSERT INTO `Cargo` (`CargoID`, `CargoType`, `Weight`, `Value`, `CompanyID`) VALUES (1387, 'ullam', 2046, 7175099, 7175);
INSERT INTO `Cargo` (`CargoID`, `CargoType`, `Weight`, `Value`, `CompanyID`) VALUES (1404, 'repudiandae', 9367, 1794183, 3204);
INSERT INTO `Cargo` (`CargoID`, `CargoType`, `Weight`, `Value`, `CompanyID`) VALUES (1416, 'modi', 15390, 7266403, 4125);
INSERT INTO `Cargo` (`CargoID`, `CargoType`, `Weight`, `Value`, `CompanyID`) VALUES (1438, 'sunt', 14380, 5040415, 6419);
INSERT INTO `Cargo` (`CargoID`, `CargoType`, `Weight`, `Value`, `CompanyID`) VALUES (1468, 'et', 18763, 8213123, 7252);
INSERT INTO `Cargo` (`CargoID`, `CargoType`, `Weight`, `Value`, `CompanyID`) VALUES (1475, 'cumque', 12692, 6274961, 9359);
INSERT INTO `Cargo` (`CargoID`, `CargoType`, `Weight`, `Value`, `CompanyID`) VALUES (1528, 'excepturi', 13942, 3024668, 5077);
INSERT INTO `Cargo` (`CargoID`, `CargoType`, `Weight`, `Value`, `CompanyID`) VALUES (1587, 'quia', 14965, 7695653, 4846);
INSERT INTO `Cargo` (`CargoID`, `CargoType`, `Weight`, `Value`, `CompanyID`) VALUES (1617, 'iure', 17886, 2912996, 2342);
INSERT INTO `Cargo` (`CargoID`, `CargoType`, `Weight`, `Value`, `CompanyID`) VALUES (1672, 'architecto', 19377, 9813123, 7709);
INSERT INTO `Cargo` (`CargoID`, `CargoType`, `Weight`, `Value`, `CompanyID`) VALUES (1701, 'et', 15841, 5940566, 5141);
INSERT INTO `Cargo` (`CargoID`, `CargoType`, `Weight`, `Value`, `CompanyID`) VALUES (1714, 'et', 21928, 1190071, 3993);
INSERT INTO `Cargo` (`CargoID`, `CargoType`, `Weight`, `Value`, `CompanyID`) VALUES (1717, 'labore', 25722, 6162799, 9359);
INSERT INTO `Cargo` (`CargoID`, `CargoType`, `Weight`, `Value`, `CompanyID`) VALUES (1731, 'necessitatibus', 11150, 4010148, 1297);
INSERT INTO `Cargo` (`CargoID`, `CargoType`, `Weight`, `Value`, `CompanyID`) VALUES (1780, 'consequatur', 27135, 6130673, 2315);
INSERT INTO `Cargo` (`CargoID`, `CargoType`, `Weight`, `Value`, `CompanyID`) VALUES (1814, 'dolorem', 1425, 6601831, 3993);
INSERT INTO `Cargo` (`CargoID`, `CargoType`, `Weight`, `Value`, `CompanyID`) VALUES (1843, 'cum', 12666, 1824813, 6012);
INSERT INTO `Cargo` (`CargoID`, `CargoType`, `Weight`, `Value`, `CompanyID`) VALUES (1870, 'illum', 1221, 5268812, 9359);
INSERT INTO `Cargo` (`CargoID`, `CargoType`, `Weight`, `Value`, `CompanyID`) VALUES (1874, 'vel', 16837, 3748402, 7175);
INSERT INTO `Cargo` (`CargoID`, `CargoType`, `Weight`, `Value`, `CompanyID`) VALUES (1917, 'sint', 4809, 9358372, 7490);
INSERT INTO `Cargo` (`CargoID`, `CargoType`, `Weight`, `Value`, `CompanyID`) VALUES (2023, 'quos', 28327, 1625373, 1567);
INSERT INTO `Cargo` (`CargoID`, `CargoType`, `Weight`, `Value`, `CompanyID`) VALUES (2110, 'facere', 10549, 8909779, 4846);
INSERT INTO `Cargo` (`CargoID`, `CargoType`, `Weight`, `Value`, `CompanyID`) VALUES (2299, 'deserunt', 23572, 3976360, 7490);
INSERT INTO `Cargo` (`CargoID`, `CargoType`, `Weight`, `Value`, `CompanyID`) VALUES (2321, 'omnis', 23380, 5742600, 9359);
INSERT INTO `Cargo` (`CargoID`, `CargoType`, `Weight`, `Value`, `CompanyID`) VALUES (2334, 'beatae', 11894, 9312096, 3204);
INSERT INTO `Cargo` (`CargoID`, `CargoType`, `Weight`, `Value`, `CompanyID`) VALUES (2432, 'ipsam', 24605, 2624715, 1006);
INSERT INTO `Cargo` (`CargoID`, `CargoType`, `Weight`, `Value`, `CompanyID`) VALUES (2435, 'ut', 22021, 5172760, 9017);
INSERT INTO `Cargo` (`CargoID`, `CargoType`, `Weight`, `Value`, `CompanyID`) VALUES (2572, 'veniam', 12747, 9214023, 4736);
INSERT INTO `Cargo` (`CargoID`, `CargoType`, `Weight`, `Value`, `CompanyID`) VALUES (2576, 'architecto', 13186, 4713482, 3204);
INSERT INTO `Cargo` (`CargoID`, `CargoType`, `Weight`, `Value`, `CompanyID`) VALUES (2601, 'dolore', 15504, 3637192, 8872);
INSERT INTO `Cargo` (`CargoID`, `CargoType`, `Weight`, `Value`, `CompanyID`) VALUES (2606, 'fugiat', 22615, 1638702, 1184);
INSERT INTO `Cargo` (`CargoID`, `CargoType`, `Weight`, `Value`, `CompanyID`) VALUES (2608, 'quod', 23783, 9649684, 7252);
INSERT INTO `Cargo` (`CargoID`, `CargoType`, `Weight`, `Value`, `CompanyID`) VALUES (2627, 'vitae', 12664, 5150386, 9359);
INSERT INTO `Cargo` (`CargoID`, `CargoType`, `Weight`, `Value`, `CompanyID`) VALUES (2762, 'est', 5949, 2568869, 1006);
INSERT INTO `Cargo` (`CargoID`, `CargoType`, `Weight`, `Value`, `CompanyID`) VALUES (2780, 'nesciunt', 13327, 5902236, 1567);
INSERT INTO `Cargo` (`CargoID`, `CargoType`, `Weight`, `Value`, `CompanyID`) VALUES (2843, 'quia', 26736, 8391017, 9017);
INSERT INTO `Cargo` (`CargoID`, `CargoType`, `Weight`, `Value`, `CompanyID`) VALUES (2877, 'omnis', 26242, 4930217, 7490);
INSERT INTO `Cargo` (`CargoID`, `CargoType`, `Weight`, `Value`, `CompanyID`) VALUES (2940, 'rem', 12525, 7898103, 3978);
INSERT INTO `Cargo` (`CargoID`, `CargoType`, `Weight`, `Value`, `CompanyID`) VALUES (2958, 'in', 3063, 6691483, 2315);
INSERT INTO `Cargo` (`CargoID`, `CargoType`, `Weight`, `Value`, `CompanyID`) VALUES (3018, 'nesciunt', 21406, 8704837, 1567);
INSERT INTO `Cargo` (`CargoID`, `CargoType`, `Weight`, `Value`, `CompanyID`) VALUES (3042, 'eum', 12050, 5397674, 1184);
INSERT INTO `Cargo` (`CargoID`, `CargoType`, `Weight`, `Value`, `CompanyID`) VALUES (3086, 'vero', 3387, 3593742, 1297);
INSERT INTO `Cargo` (`CargoID`, `CargoType`, `Weight`, `Value`, `CompanyID`) VALUES (3132, 'ut', 4575, 9910716, 3978);
INSERT INTO `Cargo` (`CargoID`, `CargoType`, `Weight`, `Value`, `CompanyID`) VALUES (3152, 'at', 20363, 9364830, 7490);
INSERT INTO `Cargo` (`CargoID`, `CargoType`, `Weight`, `Value`, `CompanyID`) VALUES (3186, 'est', 24901, 4620263, 7709);
INSERT INTO `Cargo` (`CargoID`, `CargoType`, `Weight`, `Value`, `CompanyID`) VALUES (3315, 'impedit', 23252, 4137853, 4846);
INSERT INTO `Cargo` (`CargoID`, `CargoType`, `Weight`, `Value`, `CompanyID`) VALUES (3327, 'ea', 23024, 2600508, 5611);
INSERT INTO `Cargo` (`CargoID`, `CargoType`, `Weight`, `Value`, `CompanyID`) VALUES (3329, 'ducimus', 6778, 6045774, 1567);
INSERT INTO `Cargo` (`CargoID`, `CargoType`, `Weight`, `Value`, `CompanyID`) VALUES (3339, 'ut', 1457, 3452298, 7709);
INSERT INTO `Cargo` (`CargoID`, `CargoType`, `Weight`, `Value`, `CompanyID`) VALUES (3346, 'enim', 27511, 7602345, 5141);
INSERT INTO `Cargo` (`CargoID`, `CargoType`, `Weight`, `Value`, `CompanyID`) VALUES (3356, 'corporis', 22794, 8911524, 5611);
INSERT INTO `Cargo` (`CargoID`, `CargoType`, `Weight`, `Value`, `CompanyID`) VALUES (3361, 'molestiae', 17679, 1133093, 3978);
INSERT INTO `Cargo` (`CargoID`, `CargoType`, `Weight`, `Value`, `CompanyID`) VALUES (3381, 'necessitatibus', 19691, 4301227, 7165);
INSERT INTO `Cargo` (`CargoID`, `CargoType`, `Weight`, `Value`, `CompanyID`) VALUES (3461, 'et', 11645, 9633992, 5141);
INSERT INTO `Cargo` (`CargoID`, `CargoType`, `Weight`, `Value`, `CompanyID`) VALUES (3477, 'facilis', 4443, 8338663, 9017);
INSERT INTO `Cargo` (`CargoID`, `CargoType`, `Weight`, `Value`, `CompanyID`) VALUES (3510, 'quia', 9489, 3126655, 8339);
INSERT INTO `Cargo` (`CargoID`, `CargoType`, `Weight`, `Value`, `CompanyID`) VALUES (3566, 'temporibus', 19147, 8701347, 5141);
INSERT INTO `Cargo` (`CargoID`, `CargoType`, `Weight`, `Value`, `CompanyID`) VALUES (3586, 'ex', 27122, 5399260, 7252);
INSERT INTO `Cargo` (`CargoID`, `CargoType`, `Weight`, `Value`, `CompanyID`) VALUES (3587, 'voluptas', 28506, 6346663, 7709);
INSERT INTO `Cargo` (`CargoID`, `CargoType`, `Weight`, `Value`, `CompanyID`) VALUES (3620, 'qui', 3879, 1819557, 6419);
INSERT INTO `Cargo` (`CargoID`, `CargoType`, `Weight`, `Value`, `CompanyID`) VALUES (3650, 'totam', 12600, 8342962, 4736);
INSERT INTO `Cargo` (`CargoID`, `CargoType`, `Weight`, `Value`, `CompanyID`) VALUES (3651, 'rerum', 13839, 8064299, 9359);
INSERT INTO `Cargo` (`CargoID`, `CargoType`, `Weight`, `Value`, `CompanyID`) VALUES (3669, 'amet', 10615, 4391869, 6419);
INSERT INTO `Cargo` (`CargoID`, `CargoType`, `Weight`, `Value`, `CompanyID`) VALUES (3688, 'et', 27637, 6314843, 1006);
INSERT INTO `Cargo` (`CargoID`, `CargoType`, `Weight`, `Value`, `CompanyID`) VALUES (3711, 'et', 23630, 2411902, 4846);
INSERT INTO `Cargo` (`CargoID`, `CargoType`, `Weight`, `Value`, `CompanyID`) VALUES (3754, 'fugit', 8363, 7439327, 6899);
INSERT INTO `Cargo` (`CargoID`, `CargoType`, `Weight`, `Value`, `CompanyID`) VALUES (3784, 'illum', 16203, 5081003, 5611);
INSERT INTO `Cargo` (`CargoID`, `CargoType`, `Weight`, `Value`, `CompanyID`) VALUES (3813, 'sunt', 6103, 9731026, 7165);
INSERT INTO `Cargo` (`CargoID`, `CargoType`, `Weight`, `Value`, `CompanyID`) VALUES (3822, 'ducimus', 17069, 2793729, 4846);
INSERT INTO `Cargo` (`CargoID`, `CargoType`, `Weight`, `Value`, `CompanyID`) VALUES (3858, 'natus', 8441, 3927910, 2342);
INSERT INTO `Cargo` (`CargoID`, `CargoType`, `Weight`, `Value`, `CompanyID`) VALUES (3898, 'et', 21328, 6008713, 7490);
INSERT INTO `Cargo` (`CargoID`, `CargoType`, `Weight`, `Value`, `CompanyID`) VALUES (3920, 'blanditiis', 23279, 1360597, 7165);
INSERT INTO `Cargo` (`CargoID`, `CargoType`, `Weight`, `Value`, `CompanyID`) VALUES (3935, 'distinctio', 23310, 7565029, 1567);
INSERT INTO `Cargo` (`CargoID`, `CargoType`, `Weight`, `Value`, `CompanyID`) VALUES (3958, 'ratione', 4133, 5101907, 1184);
INSERT INTO `Cargo` (`CargoID`, `CargoType`, `Weight`, `Value`, `CompanyID`) VALUES (3973, 'sint', 26244, 8443093, 5611);
INSERT INTO `Cargo` (`CargoID`, `CargoType`, `Weight`, `Value`, `CompanyID`) VALUES (3974, 'eos', 22707, 7999104, 4736);
INSERT INTO `Cargo` (`CargoID`, `CargoType`, `Weight`, `Value`, `CompanyID`) VALUES (3992, 'accusamus', 3093, 3152108, 3978);
INSERT INTO `Cargo` (`CargoID`, `CargoType`, `Weight`, `Value`, `CompanyID`) VALUES (4035, 'et', 27910, 6952924, 6344);
INSERT INTO `Cargo` (`CargoID`, `CargoType`, `Weight`, `Value`, `CompanyID`) VALUES (4052, 'ex', 27464, 1239278, 4125);
INSERT INTO `Cargo` (`CargoID`, `CargoType`, `Weight`, `Value`, `CompanyID`) VALUES (4086, 'qui', 27201, 5278429, 6344);
INSERT INTO `Cargo` (`CargoID`, `CargoType`, `Weight`, `Value`, `CompanyID`) VALUES (4097, 'enim', 4221, 8947449, 6419);
INSERT INTO `Cargo` (`CargoID`, `CargoType`, `Weight`, `Value`, `CompanyID`) VALUES (4112, 'error', 26167, 8065119, 5650);
INSERT INTO `Cargo` (`CargoID`, `CargoType`, `Weight`, `Value`, `CompanyID`) VALUES (4142, 'optio', 11661, 9746356, 1297);
INSERT INTO `Cargo` (`CargoID`, `CargoType`, `Weight`, `Value`, `CompanyID`) VALUES (4180, 'repudiandae', 2260, 7692623, 4736);
INSERT INTO `Cargo` (`CargoID`, `CargoType`, `Weight`, `Value`, `CompanyID`) VALUES (4212, 'id', 18644, 8443329, 6344);
INSERT INTO `Cargo` (`CargoID`, `CargoType`, `Weight`, `Value`, `CompanyID`) VALUES (4265, 'iste', 10672, 8309155, 9017);
INSERT INTO `Cargo` (`CargoID`, `CargoType`, `Weight`, `Value`, `CompanyID`) VALUES (4284, 'vel', 5082, 2342824, 3204);
INSERT INTO `Cargo` (`CargoID`, `CargoType`, `Weight`, `Value`, `CompanyID`) VALUES (4331, 'ratione', 3403, 3010276, 4846);
INSERT INTO `Cargo` (`CargoID`, `CargoType`, `Weight`, `Value`, `CompanyID`) VALUES (4347, 'molestiae', 18658, 4054690, 7175);
INSERT INTO `Cargo` (`CargoID`, `CargoType`, `Weight`, `Value`, `CompanyID`) VALUES (4356, 'quasi', 19776, 8421483, 2342);
INSERT INTO `Cargo` (`CargoID`, `CargoType`, `Weight`, `Value`, `CompanyID`) VALUES (4366, 'optio', 7233, 2482994, 3185);
INSERT INTO `Cargo` (`CargoID`, `CargoType`, `Weight`, `Value`, `CompanyID`) VALUES (4377, 'est', 17847, 8498779, 9359);
INSERT INTO `Cargo` (`CargoID`, `CargoType`, `Weight`, `Value`, `CompanyID`) VALUES (4390, 'dolor', 10292, 6684950, 8339);
INSERT INTO `Cargo` (`CargoID`, `CargoType`, `Weight`, `Value`, `CompanyID`) VALUES (4410, 'voluptatum', 19638, 9359527, 9359);
INSERT INTO `Cargo` (`CargoID`, `CargoType`, `Weight`, `Value`, `CompanyID`) VALUES (4423, 'quo', 23527, 9734910, 3185);
INSERT INTO `Cargo` (`CargoID`, `CargoType`, `Weight`, `Value`, `CompanyID`) VALUES (4428, 'sed', 27753, 1364310, 3185);
INSERT INTO `Cargo` (`CargoID`, `CargoType`, `Weight`, `Value`, `CompanyID`) VALUES (4479, 'rem', 27804, 7897787, 5141);
INSERT INTO `Cargo` (`CargoID`, `CargoType`, `Weight`, `Value`, `CompanyID`) VALUES (4511, 'assumenda', 27454, 2067418, 5141);
INSERT INTO `Cargo` (`CargoID`, `CargoType`, `Weight`, `Value`, `CompanyID`) VALUES (4524, 'eius', 3062, 6471711, 9017);
INSERT INTO `Cargo` (`CargoID`, `CargoType`, `Weight`, `Value`, `CompanyID`) VALUES (4572, 'quisquam', 1807, 5815355, 5650);
INSERT INTO `Cargo` (`CargoID`, `CargoType`, `Weight`, `Value`, `CompanyID`) VALUES (4578, 'voluptate', 6198, 8534763, 6419);
INSERT INTO `Cargo` (`CargoID`, `CargoType`, `Weight`, `Value`, `CompanyID`) VALUES (4582, 'alias', 1491, 1661508, 1006);
INSERT INTO `Cargo` (`CargoID`, `CargoType`, `Weight`, `Value`, `CompanyID`) VALUES (4628, 'non', 24703, 6252688, 7709);
INSERT INTO `Cargo` (`CargoID`, `CargoType`, `Weight`, `Value`, `CompanyID`) VALUES (4634, 'sint', 17687, 1646307, 8872);
INSERT INTO `Cargo` (`CargoID`, `CargoType`, `Weight`, `Value`, `CompanyID`) VALUES (4641, 'excepturi', 11872, 1665009, 2315);
INSERT INTO `Cargo` (`CargoID`, `CargoType`, `Weight`, `Value`, `CompanyID`) VALUES (4728, 'sapiente', 12924, 6894664, 5077);
INSERT INTO `Cargo` (`CargoID`, `CargoType`, `Weight`, `Value`, `CompanyID`) VALUES (4782, 'aut', 2886, 5626290, 2342);
INSERT INTO `Cargo` (`CargoID`, `CargoType`, `Weight`, `Value`, `CompanyID`) VALUES (4792, 'non', 18715, 7663524, 1006);
INSERT INTO `Cargo` (`CargoID`, `CargoType`, `Weight`, `Value`, `CompanyID`) VALUES (4836, 'veritatis', 9298, 3416846, 3204);
INSERT INTO `Cargo` (`CargoID`, `CargoType`, `Weight`, `Value`, `CompanyID`) VALUES (4851, 'nostrum', 28120, 1936027, 7165);
INSERT INTO `Cargo` (`CargoID`, `CargoType`, `Weight`, `Value`, `CompanyID`) VALUES (4859, 'aut', 7148, 3201031, 2315);
INSERT INTO `Cargo` (`CargoID`, `CargoType`, `Weight`, `Value`, `CompanyID`) VALUES (4868, 'et', 9873, 4413535, 4736);
INSERT INTO `Cargo` (`CargoID`, `CargoType`, `Weight`, `Value`, `CompanyID`) VALUES (4887, 'voluptate', 21484, 5031410, 4125);
INSERT INTO `Cargo` (`CargoID`, `CargoType`, `Weight`, `Value`, `CompanyID`) VALUES (4890, 'excepturi', 11200, 4294837, 9017);
INSERT INTO `Cargo` (`CargoID`, `CargoType`, `Weight`, `Value`, `CompanyID`) VALUES (4919, 'blanditiis', 5533, 5255267, 3185);
INSERT INTO `Cargo` (`CargoID`, `CargoType`, `Weight`, `Value`, `CompanyID`) VALUES (4941, 'modi', 4831, 8405029, 5077);
INSERT INTO `Cargo` (`CargoID`, `CargoType`, `Weight`, `Value`, `CompanyID`) VALUES (4950, 'quia', 28334, 1068369, 9359);
INSERT INTO `Cargo` (`CargoID`, `CargoType`, `Weight`, `Value`, `CompanyID`) VALUES (5046, 'deleniti', 19860, 3881838, 3978);
INSERT INTO `Cargo` (`CargoID`, `CargoType`, `Weight`, `Value`, `CompanyID`) VALUES (5107, 'sit', 10365, 5939221, 8872);
INSERT INTO `Cargo` (`CargoID`, `CargoType`, `Weight`, `Value`, `CompanyID`) VALUES (5132, 'nesciunt', 25905, 4171022, 7175);
INSERT INTO `Cargo` (`CargoID`, `CargoType`, `Weight`, `Value`, `CompanyID`) VALUES (5231, 'exercitationem', 15551, 3483224, 6344);
INSERT INTO `Cargo` (`CargoID`, `CargoType`, `Weight`, `Value`, `CompanyID`) VALUES (5235, 'tenetur', 20135, 3686408, 1006);
INSERT INTO `Cargo` (`CargoID`, `CargoType`, `Weight`, `Value`, `CompanyID`) VALUES (5267, 'doloribus', 17233, 9861704, 8339);
INSERT INTO `Cargo` (`CargoID`, `CargoType`, `Weight`, `Value`, `CompanyID`) VALUES (5325, 'qui', 21445, 6216691, 9017);
INSERT INTO `Cargo` (`CargoID`, `CargoType`, `Weight`, `Value`, `CompanyID`) VALUES (5349, 'officia', 11019, 4663102, 1567);
INSERT INTO `Cargo` (`CargoID`, `CargoType`, `Weight`, `Value`, `CompanyID`) VALUES (5392, 'aut', 19296, 3357991, 8872);
INSERT INTO `Cargo` (`CargoID`, `CargoType`, `Weight`, `Value`, `CompanyID`) VALUES (5398, 'quia', 1367, 2400922, 6899);
INSERT INTO `Cargo` (`CargoID`, `CargoType`, `Weight`, `Value`, `CompanyID`) VALUES (5434, 'amet', 14150, 7754675, 5650);
INSERT INTO `Cargo` (`CargoID`, `CargoType`, `Weight`, `Value`, `CompanyID`) VALUES (5443, 'omnis', 25179, 8983516, 8872);
INSERT INTO `Cargo` (`CargoID`, `CargoType`, `Weight`, `Value`, `CompanyID`) VALUES (5485, 'corrupti', 19312, 6533845, 8339);
INSERT INTO `Cargo` (`CargoID`, `CargoType`, `Weight`, `Value`, `CompanyID`) VALUES (5517, 'cumque', 7599, 8209214, 7709);
INSERT INTO `Cargo` (`CargoID`, `CargoType`, `Weight`, `Value`, `CompanyID`) VALUES (5546, 'rerum', 29024, 6836201, 1006);
INSERT INTO `Cargo` (`CargoID`, `CargoType`, `Weight`, `Value`, `CompanyID`) VALUES (5575, 'quia', 25566, 7083885, 2315);
INSERT INTO `Cargo` (`CargoID`, `CargoType`, `Weight`, `Value`, `CompanyID`) VALUES (5596, 'ut', 17831, 5385502, 7165);
INSERT INTO `Cargo` (`CargoID`, `CargoType`, `Weight`, `Value`, `CompanyID`) VALUES (5615, 'vel', 4530, 7856972, 6899);
INSERT INTO `Cargo` (`CargoID`, `CargoType`, `Weight`, `Value`, `CompanyID`) VALUES (5646, 'eos', 1850, 5571039, 5077);
INSERT INTO `Cargo` (`CargoID`, `CargoType`, `Weight`, `Value`, `CompanyID`) VALUES (5709, 'voluptates', 10534, 3456130, 7490);
INSERT INTO `Cargo` (`CargoID`, `CargoType`, `Weight`, `Value`, `CompanyID`) VALUES (5710, 'ullam', 29643, 3782173, 3993);
INSERT INTO `Cargo` (`CargoID`, `CargoType`, `Weight`, `Value`, `CompanyID`) VALUES (5722, 'inventore', 11641, 4917586, 1184);
INSERT INTO `Cargo` (`CargoID`, `CargoType`, `Weight`, `Value`, `CompanyID`) VALUES (5748, 'at', 2754, 6300191, 7490);
INSERT INTO `Cargo` (`CargoID`, `CargoType`, `Weight`, `Value`, `CompanyID`) VALUES (5757, 'voluptatibus', 11254, 6938144, 8339);
INSERT INTO `Cargo` (`CargoID`, `CargoType`, `Weight`, `Value`, `CompanyID`) VALUES (5771, 'provident', 3112, 3476288, 7175);
INSERT INTO `Cargo` (`CargoID`, `CargoType`, `Weight`, `Value`, `CompanyID`) VALUES (5802, 'et', 8407, 6226855, 8339);
INSERT INTO `Cargo` (`CargoID`, `CargoType`, `Weight`, `Value`, `CompanyID`) VALUES (5813, 'hic', 6181, 1591487, 7175);
INSERT INTO `Cargo` (`CargoID`, `CargoType`, `Weight`, `Value`, `CompanyID`) VALUES (5876, 'sunt', 22654, 7488342, 1184);
INSERT INTO `Cargo` (`CargoID`, `CargoType`, `Weight`, `Value`, `CompanyID`) VALUES (5892, 'accusantium', 14665, 3401019, 2342);
INSERT INTO `Cargo` (`CargoID`, `CargoType`, `Weight`, `Value`, `CompanyID`) VALUES (5947, 'qui', 14688, 4368426, 5141);
INSERT INTO `Cargo` (`CargoID`, `CargoType`, `Weight`, `Value`, `CompanyID`) VALUES (5951, 'voluptas', 24540, 6326991, 6344);
INSERT INTO `Cargo` (`CargoID`, `CargoType`, `Weight`, `Value`, `CompanyID`) VALUES (5984, 'fugiat', 15814, 8419368, 4736);
INSERT INTO `Cargo` (`CargoID`, `CargoType`, `Weight`, `Value`, `CompanyID`) VALUES (6022, 'eos', 18676, 8473227, 3185);
INSERT INTO `Cargo` (`CargoID`, `CargoType`, `Weight`, `Value`, `CompanyID`) VALUES (6069, 'laborum', 8585, 3974498, 1184);
INSERT INTO `Cargo` (`CargoID`, `CargoType`, `Weight`, `Value`, `CompanyID`) VALUES (6070, 'corrupti', 16435, 8169381, 7709);
INSERT INTO `Cargo` (`CargoID`, `CargoType`, `Weight`, `Value`, `CompanyID`) VALUES (6116, 'pariatur', 29935, 8803901, 3993);
INSERT INTO `Cargo` (`CargoID`, `CargoType`, `Weight`, `Value`, `CompanyID`) VALUES (6132, 'eos', 11591, 5374783, 7490);
INSERT INTO `Cargo` (`CargoID`, `CargoType`, `Weight`, `Value`, `CompanyID`) VALUES (6171, 'ipsa', 22085, 1131796, 2315);
INSERT INTO `Cargo` (`CargoID`, `CargoType`, `Weight`, `Value`, `CompanyID`) VALUES (6211, 'sunt', 27544, 6340092, 9017);
INSERT INTO `Cargo` (`CargoID`, `CargoType`, `Weight`, `Value`, `CompanyID`) VALUES (6214, 'sed', 24411, 6986048, 6899);
INSERT INTO `Cargo` (`CargoID`, `CargoType`, `Weight`, `Value`, `CompanyID`) VALUES (6218, 'sunt', 2667, 3288312, 5141);
INSERT INTO `Cargo` (`CargoID`, `CargoType`, `Weight`, `Value`, `CompanyID`) VALUES (6225, 'quaerat', 1833, 3808379, 7165);
INSERT INTO `Cargo` (`CargoID`, `CargoType`, `Weight`, `Value`, `CompanyID`) VALUES (6239, 'fugiat', 7629, 6908386, 5077);
INSERT INTO `Cargo` (`CargoID`, `CargoType`, `Weight`, `Value`, `CompanyID`) VALUES (6258, 'sit', 27214, 4100062, 8872);
INSERT INTO `Cargo` (`CargoID`, `CargoType`, `Weight`, `Value`, `CompanyID`) VALUES (6285, 'hic', 4899, 5034800, 1006);
INSERT INTO `Cargo` (`CargoID`, `CargoType`, `Weight`, `Value`, `CompanyID`) VALUES (6326, 'harum', 29187, 2397834, 1567);
INSERT INTO `Cargo` (`CargoID`, `CargoType`, `Weight`, `Value`, `CompanyID`) VALUES (6330, 'repellat', 4252, 7478214, 6419);
INSERT INTO `Cargo` (`CargoID`, `CargoType`, `Weight`, `Value`, `CompanyID`) VALUES (6334, 'eum', 2702, 4879659, 5611);
INSERT INTO `Cargo` (`CargoID`, `CargoType`, `Weight`, `Value`, `CompanyID`) VALUES (6341, 'quis', 18502, 8176641, 1297);
INSERT INTO `Cargo` (`CargoID`, `CargoType`, `Weight`, `Value`, `CompanyID`) VALUES (6409, 'et', 7186, 3389367, 4125);
INSERT INTO `Cargo` (`CargoID`, `CargoType`, `Weight`, `Value`, `CompanyID`) VALUES (6455, 'eaque', 18386, 9117289, 3204);
INSERT INTO `Cargo` (`CargoID`, `CargoType`, `Weight`, `Value`, `CompanyID`) VALUES (6460, 'similique', 7648, 2581402, 3204);
INSERT INTO `Cargo` (`CargoID`, `CargoType`, `Weight`, `Value`, `CompanyID`) VALUES (6496, 'qui', 8961, 3360391, 5650);
INSERT INTO `Cargo` (`CargoID`, `CargoType`, `Weight`, `Value`, `CompanyID`) VALUES (6554, 'dolore', 19179, 7092705, 6344);
INSERT INTO `Cargo` (`CargoID`, `CargoType`, `Weight`, `Value`, `CompanyID`) VALUES (6576, 'quia', 29363, 2174182, 7490);
INSERT INTO `Cargo` (`CargoID`, `CargoType`, `Weight`, `Value`, `CompanyID`) VALUES (6582, 'aspernatur', 8487, 2011378, 1297);
INSERT INTO `Cargo` (`CargoID`, `CargoType`, `Weight`, `Value`, `CompanyID`) VALUES (6633, 'temporibus', 21182, 4992569, 6344);
INSERT INTO `Cargo` (`CargoID`, `CargoType`, `Weight`, `Value`, `CompanyID`) VALUES (6661, 'ipsa', 13851, 9335740, 6419);
INSERT INTO `Cargo` (`CargoID`, `CargoType`, `Weight`, `Value`, `CompanyID`) VALUES (6680, 'rerum', 26655, 3640908, 6344);
INSERT INTO `Cargo` (`CargoID`, `CargoType`, `Weight`, `Value`, `CompanyID`) VALUES (6700, 'rem', 8395, 5172097, 7175);
INSERT INTO `Cargo` (`CargoID`, `CargoType`, `Weight`, `Value`, `CompanyID`) VALUES (6791, 'delectus', 1337, 9899746, 3204);
INSERT INTO `Cargo` (`CargoID`, `CargoType`, `Weight`, `Value`, `CompanyID`) VALUES (6808, 'reprehenderit', 28951, 2205803, 5141);
INSERT INTO `Cargo` (`CargoID`, `CargoType`, `Weight`, `Value`, `CompanyID`) VALUES (6809, 'quaerat', 8149, 1642366, 8872);
INSERT INTO `Cargo` (`CargoID`, `CargoType`, `Weight`, `Value`, `CompanyID`) VALUES (6834, 'cupiditate', 11987, 9458258, 5077);
INSERT INTO `Cargo` (`CargoID`, `CargoType`, `Weight`, `Value`, `CompanyID`) VALUES (6927, 'esse', 2066, 1831292, 9359);
INSERT INTO `Cargo` (`CargoID`, `CargoType`, `Weight`, `Value`, `CompanyID`) VALUES (6950, 'vitae', 27873, 6931099, 6012);
INSERT INTO `Cargo` (`CargoID`, `CargoType`, `Weight`, `Value`, `CompanyID`) VALUES (6969, 'atque', 9358, 3915637, 1184);
INSERT INTO `Cargo` (`CargoID`, `CargoType`, `Weight`, `Value`, `CompanyID`) VALUES (6988, 'asperiores', 29203, 8943135, 1297);
INSERT INTO `Cargo` (`CargoID`, `CargoType`, `Weight`, `Value`, `CompanyID`) VALUES (7048, 'eum', 17399, 8677712, 3993);
INSERT INTO `Cargo` (`CargoID`, `CargoType`, `Weight`, `Value`, `CompanyID`) VALUES (7112, 'omnis', 19431, 2597241, 4125);
INSERT INTO `Cargo` (`CargoID`, `CargoType`, `Weight`, `Value`, `CompanyID`) VALUES (7184, 'facilis', 21685, 4922419, 1184);
INSERT INTO `Cargo` (`CargoID`, `CargoType`, `Weight`, `Value`, `CompanyID`) VALUES (7191, 'tenetur', 21829, 9256606, 1006);
INSERT INTO `Cargo` (`CargoID`, `CargoType`, `Weight`, `Value`, `CompanyID`) VALUES (7308, 'incidunt', 12006, 5866212, 2342);
INSERT INTO `Cargo` (`CargoID`, `CargoType`, `Weight`, `Value`, `CompanyID`) VALUES (7358, 'veritatis', 1109, 9810356, 2315);
INSERT INTO `Cargo` (`CargoID`, `CargoType`, `Weight`, `Value`, `CompanyID`) VALUES (7396, 'deleniti', 12927, 3808112, 6899);
INSERT INTO `Cargo` (`CargoID`, `CargoType`, `Weight`, `Value`, `CompanyID`) VALUES (7397, 'vel', 10182, 3630729, 2315);
INSERT INTO `Cargo` (`CargoID`, `CargoType`, `Weight`, `Value`, `CompanyID`) VALUES (7418, 'error', 12738, 1038128, 3185);
INSERT INTO `Cargo` (`CargoID`, `CargoType`, `Weight`, `Value`, `CompanyID`) VALUES (7424, 'voluptas', 24257, 8202487, 5077);
INSERT INTO `Cargo` (`CargoID`, `CargoType`, `Weight`, `Value`, `CompanyID`) VALUES (7463, 'quam', 13845, 1434022, 8339);
INSERT INTO `Cargo` (`CargoID`, `CargoType`, `Weight`, `Value`, `CompanyID`) VALUES (7500, 'officia', 27664, 1914500, 5611);
INSERT INTO `Cargo` (`CargoID`, `CargoType`, `Weight`, `Value`, `CompanyID`) VALUES (7504, 'quis', 6527, 2198579, 3993);
INSERT INTO `Cargo` (`CargoID`, `CargoType`, `Weight`, `Value`, `CompanyID`) VALUES (7514, 'harum', 28976, 2852608, 5650);
INSERT INTO `Cargo` (`CargoID`, `CargoType`, `Weight`, `Value`, `CompanyID`) VALUES (7531, 'officia', 5785, 6796714, 3185);
INSERT INTO `Cargo` (`CargoID`, `CargoType`, `Weight`, `Value`, `CompanyID`) VALUES (7608, 'saepe', 28150, 2923453, 5077);
INSERT INTO `Cargo` (`CargoID`, `CargoType`, `Weight`, `Value`, `CompanyID`) VALUES (7613, 'praesentium', 25274, 6124662, 7252);
INSERT INTO `Cargo` (`CargoID`, `CargoType`, `Weight`, `Value`, `CompanyID`) VALUES (7619, 'quis', 3911, 7104224, 1184);
INSERT INTO `Cargo` (`CargoID`, `CargoType`, `Weight`, `Value`, `CompanyID`) VALUES (7629, 'et', 8214, 8639929, 5650);
INSERT INTO `Cargo` (`CargoID`, `CargoType`, `Weight`, `Value`, `CompanyID`) VALUES (7665, 'a', 22068, 9696377, 6012);
INSERT INTO `Cargo` (`CargoID`, `CargoType`, `Weight`, `Value`, `CompanyID`) VALUES (7693, 'et', 1107, 2783746, 2315);
INSERT INTO `Cargo` (`CargoID`, `CargoType`, `Weight`, `Value`, `CompanyID`) VALUES (7712, 'voluptates', 14406, 2458783, 6419);
INSERT INTO `Cargo` (`CargoID`, `CargoType`, `Weight`, `Value`, `CompanyID`) VALUES (7726, 'saepe', 23134, 5761941, 6899);
INSERT INTO `Cargo` (`CargoID`, `CargoType`, `Weight`, `Value`, `CompanyID`) VALUES (7742, 'et', 4683, 5681007, 6012);
INSERT INTO `Cargo` (`CargoID`, `CargoType`, `Weight`, `Value`, `CompanyID`) VALUES (7756, 'culpa', 22954, 8457924, 6899);
INSERT INTO `Cargo` (`CargoID`, `CargoType`, `Weight`, `Value`, `CompanyID`) VALUES (7759, 'quos', 11519, 9086785, 2315);
INSERT INTO `Cargo` (`CargoID`, `CargoType`, `Weight`, `Value`, `CompanyID`) VALUES (7763, 'sequi', 18921, 5469954, 3993);
INSERT INTO `Cargo` (`CargoID`, `CargoType`, `Weight`, `Value`, `CompanyID`) VALUES (7772, 'facilis', 11726, 1124382, 8872);
INSERT INTO `Cargo` (`CargoID`, `CargoType`, `Weight`, `Value`, `CompanyID`) VALUES (7834, 'nihil', 25078, 9680770, 4125);
INSERT INTO `Cargo` (`CargoID`, `CargoType`, `Weight`, `Value`, `CompanyID`) VALUES (7868, 'facere', 10362, 8227028, 4736);
INSERT INTO `Cargo` (`CargoID`, `CargoType`, `Weight`, `Value`, `CompanyID`) VALUES (7951, 'minus', 19281, 2528063, 7165);
INSERT INTO `Cargo` (`CargoID`, `CargoType`, `Weight`, `Value`, `CompanyID`) VALUES (8003, 'labore', 14505, 2861465, 7165);
INSERT INTO `Cargo` (`CargoID`, `CargoType`, `Weight`, `Value`, `CompanyID`) VALUES (8037, 'rem', 2085, 6869455, 4125);
INSERT INTO `Cargo` (`CargoID`, `CargoType`, `Weight`, `Value`, `CompanyID`) VALUES (8152, 'velit', 9263, 9518915, 6344);
INSERT INTO `Cargo` (`CargoID`, `CargoType`, `Weight`, `Value`, `CompanyID`) VALUES (8174, 'aspernatur', 10963, 9184579, 4736);
INSERT INTO `Cargo` (`CargoID`, `CargoType`, `Weight`, `Value`, `CompanyID`) VALUES (8267, 'tenetur', 8387, 5462507, 5611);
INSERT INTO `Cargo` (`CargoID`, `CargoType`, `Weight`, `Value`, `CompanyID`) VALUES (8328, 'animi', 14492, 1785083, 5611);
INSERT INTO `Cargo` (`CargoID`, `CargoType`, `Weight`, `Value`, `CompanyID`) VALUES (8329, 'eligendi', 3417, 9272837, 8339);
INSERT INTO `Cargo` (`CargoID`, `CargoType`, `Weight`, `Value`, `CompanyID`) VALUES (8350, 'inventore', 25815, 9020781, 7252);
INSERT INTO `Cargo` (`CargoID`, `CargoType`, `Weight`, `Value`, `CompanyID`) VALUES (8355, 'voluptatem', 11105, 4925351, 5650);
INSERT INTO `Cargo` (`CargoID`, `CargoType`, `Weight`, `Value`, `CompanyID`) VALUES (8379, 'consequatur', 8231, 5603655, 3185);
INSERT INTO `Cargo` (`CargoID`, `CargoType`, `Weight`, `Value`, `CompanyID`) VALUES (8406, 'consectetur', 22956, 5192572, 3204);
INSERT INTO `Cargo` (`CargoID`, `CargoType`, `Weight`, `Value`, `CompanyID`) VALUES (8415, 'officia', 25850, 8938287, 7252);
INSERT INTO `Cargo` (`CargoID`, `CargoType`, `Weight`, `Value`, `CompanyID`) VALUES (8433, 'sunt', 26263, 2012828, 5650);
INSERT INTO `Cargo` (`CargoID`, `CargoType`, `Weight`, `Value`, `CompanyID`) VALUES (8470, 'possimus', 11378, 8266856, 5650);
INSERT INTO `Cargo` (`CargoID`, `CargoType`, `Weight`, `Value`, `CompanyID`) VALUES (8481, 'deleniti', 22495, 8995675, 5650);
INSERT INTO `Cargo` (`CargoID`, `CargoType`, `Weight`, `Value`, `CompanyID`) VALUES (8504, 'possimus', 10884, 3053708, 7252);
INSERT INTO `Cargo` (`CargoID`, `CargoType`, `Weight`, `Value`, `CompanyID`) VALUES (8532, 'repellat', 26346, 8387396, 2342);
INSERT INTO `Cargo` (`CargoID`, `CargoType`, `Weight`, `Value`, `CompanyID`) VALUES (8535, 'sunt', 25889, 5878294, 3993);
INSERT INTO `Cargo` (`CargoID`, `CargoType`, `Weight`, `Value`, `CompanyID`) VALUES (8544, 'dicta', 4750, 9446526, 6899);
INSERT INTO `Cargo` (`CargoID`, `CargoType`, `Weight`, `Value`, `CompanyID`) VALUES (8589, 'excepturi', 17011, 2667808, 7252);
INSERT INTO `Cargo` (`CargoID`, `CargoType`, `Weight`, `Value`, `CompanyID`) VALUES (8641, 'omnis', 29730, 1925852, 1297);
INSERT INTO `Cargo` (`CargoID`, `CargoType`, `Weight`, `Value`, `CompanyID`) VALUES (8686, 'eveniet', 11065, 6597326, 3978);
INSERT INTO `Cargo` (`CargoID`, `CargoType`, `Weight`, `Value`, `CompanyID`) VALUES (8701, 'maxime', 19396, 7293302, 4736);
INSERT INTO `Cargo` (`CargoID`, `CargoType`, `Weight`, `Value`, `CompanyID`) VALUES (8717, 'ad', 26218, 1582079, 4125);
INSERT INTO `Cargo` (`CargoID`, `CargoType`, `Weight`, `Value`, `CompanyID`) VALUES (8740, 'laboriosam', 21428, 7133226, 2342);
INSERT INTO `Cargo` (`CargoID`, `CargoType`, `Weight`, `Value`, `CompanyID`) VALUES (8753, 'doloremque', 18776, 5630225, 1567);
INSERT INTO `Cargo` (`CargoID`, `CargoType`, `Weight`, `Value`, `CompanyID`) VALUES (8802, 'minima', 21932, 5922707, 6012);
INSERT INTO `Cargo` (`CargoID`, `CargoType`, `Weight`, `Value`, `CompanyID`) VALUES (8804, 'ut', 9261, 8328960, 5077);
INSERT INTO `Cargo` (`CargoID`, `CargoType`, `Weight`, `Value`, `CompanyID`) VALUES (8818, 'voluptatem', 19300, 6958616, 6012);
INSERT INTO `Cargo` (`CargoID`, `CargoType`, `Weight`, `Value`, `CompanyID`) VALUES (8830, 'qui', 12565, 1956538, 3185);
INSERT INTO `Cargo` (`CargoID`, `CargoType`, `Weight`, `Value`, `CompanyID`) VALUES (8856, 'labore', 17292, 7309896, 6012);
INSERT INTO `Cargo` (`CargoID`, `CargoType`, `Weight`, `Value`, `CompanyID`) VALUES (8864, 'et', 29342, 8501245, 4846);
INSERT INTO `Cargo` (`CargoID`, `CargoType`, `Weight`, `Value`, `CompanyID`) VALUES (8868, 'nemo', 17454, 5230806, 1297);
INSERT INTO `Cargo` (`CargoID`, `CargoType`, `Weight`, `Value`, `CompanyID`) VALUES (8885, 'non', 18409, 8489888, 3204);
INSERT INTO `Cargo` (`CargoID`, `CargoType`, `Weight`, `Value`, `CompanyID`) VALUES (8916, 'ea', 4703, 9315355, 8872);
INSERT INTO `Cargo` (`CargoID`, `CargoType`, `Weight`, `Value`, `CompanyID`) VALUES (8935, 'sed', 9532, 4199842, 7175);
INSERT INTO `Cargo` (`CargoID`, `CargoType`, `Weight`, `Value`, `CompanyID`) VALUES (8987, 'perferendis', 22572, 8745086, 1567);
INSERT INTO `Cargo` (`CargoID`, `CargoType`, `Weight`, `Value`, `CompanyID`) VALUES (9012, 'quidem', 20618, 6362037, 6012);
INSERT INTO `Cargo` (`CargoID`, `CargoType`, `Weight`, `Value`, `CompanyID`) VALUES (9026, 'dicta', 20542, 9294005, 7709);
INSERT INTO `Cargo` (`CargoID`, `CargoType`, `Weight`, `Value`, `CompanyID`) VALUES (9049, 'rerum', 27155, 6869584, 2342);
INSERT INTO `Cargo` (`CargoID`, `CargoType`, `Weight`, `Value`, `CompanyID`) VALUES (9054, 'suscipit', 4858, 5847587, 6419);
INSERT INTO `Cargo` (`CargoID`, `CargoType`, `Weight`, `Value`, `CompanyID`) VALUES (9065, 'at', 27509, 5661393, 7490);
INSERT INTO `Cargo` (`CargoID`, `CargoType`, `Weight`, `Value`, `CompanyID`) VALUES (9088, 'ducimus', 11946, 5817480, 7709);
INSERT INTO `Cargo` (`CargoID`, `CargoType`, `Weight`, `Value`, `CompanyID`) VALUES (9139, 'magni', 20773, 3768386, 6899);
INSERT INTO `Cargo` (`CargoID`, `CargoType`, `Weight`, `Value`, `CompanyID`) VALUES (9141, 'in', 15428, 8209974, 8872);
INSERT INTO `Cargo` (`CargoID`, `CargoType`, `Weight`, `Value`, `CompanyID`) VALUES (9168, 'ad', 13642, 6357363, 5077);
INSERT INTO `Cargo` (`CargoID`, `CargoType`, `Weight`, `Value`, `CompanyID`) VALUES (9179, 'occaecati', 7194, 5914329, 5611);
INSERT INTO `Cargo` (`CargoID`, `CargoType`, `Weight`, `Value`, `CompanyID`) VALUES (9240, 'consequatur', 21323, 2846673, 7252);
INSERT INTO `Cargo` (`CargoID`, `CargoType`, `Weight`, `Value`, `CompanyID`) VALUES (9256, 'sit', 27747, 2954855, 6344);
INSERT INTO `Cargo` (`CargoID`, `CargoType`, `Weight`, `Value`, `CompanyID`) VALUES (9275, 'illo', 28548, 5007518, 7175);
INSERT INTO `Cargo` (`CargoID`, `CargoType`, `Weight`, `Value`, `CompanyID`) VALUES (9281, 'repellat', 3173, 5222956, 9017);
INSERT INTO `Cargo` (`CargoID`, `CargoType`, `Weight`, `Value`, `CompanyID`) VALUES (9292, 'vitae', 17159, 2863959, 3993);
INSERT INTO `Cargo` (`CargoID`, `CargoType`, `Weight`, `Value`, `CompanyID`) VALUES (9359, 'aliquam', 14857, 9119347, 4125);
INSERT INTO `Cargo` (`CargoID`, `CargoType`, `Weight`, `Value`, `CompanyID`) VALUES (9391, 'praesentium', 26243, 1464706, 3978);
INSERT INTO `Cargo` (`CargoID`, `CargoType`, `Weight`, `Value`, `CompanyID`) VALUES (9433, 'neque', 10983, 4810520, 1184);
INSERT INTO `Cargo` (`CargoID`, `CargoType`, `Weight`, `Value`, `CompanyID`) VALUES (9453, 'quos', 28960, 1741913, 3993);
INSERT INTO `Cargo` (`CargoID`, `CargoType`, `Weight`, `Value`, `CompanyID`) VALUES (9512, 'ipsum', 17312, 8397834, 7175);
INSERT INTO `Cargo` (`CargoID`, `CargoType`, `Weight`, `Value`, `CompanyID`) VALUES (9532, 'aperiam', 29452, 7926177, 6012);
INSERT INTO `Cargo` (`CargoID`, `CargoType`, `Weight`, `Value`, `CompanyID`) VALUES (9536, 'nobis', 17320, 8315266, 4125);
INSERT INTO `Cargo` (`CargoID`, `CargoType`, `Weight`, `Value`, `CompanyID`) VALUES (9549, 'est', 21589, 3506602, 6419);
INSERT INTO `Cargo` (`CargoID`, `CargoType`, `Weight`, `Value`, `CompanyID`) VALUES (9593, 'facere', 6772, 8394882, 7709);
INSERT INTO `Cargo` (`CargoID`, `CargoType`, `Weight`, `Value`, `CompanyID`) VALUES (9634, 'veniam', 27232, 1412048, 7252);
INSERT INTO `Cargo` (`CargoID`, `CargoType`, `Weight`, `Value`, `CompanyID`) VALUES (9663, 'adipisci', 1953, 6144264, 4736);
INSERT INTO `Cargo` (`CargoID`, `CargoType`, `Weight`, `Value`, `CompanyID`) VALUES (9703, 'ut', 14787, 9418106, 3978);
INSERT INTO `Cargo` (`CargoID`, `CargoType`, `Weight`, `Value`, `CompanyID`) VALUES (9754, 'rerum', 5135, 3623395, 6899);
INSERT INTO `Cargo` (`CargoID`, `CargoType`, `Weight`, `Value`, `CompanyID`) VALUES (9786, 'enim', 11185, 8897852, 4846);
INSERT INTO `Cargo` (`CargoID`, `CargoType`, `Weight`, `Value`, `CompanyID`) VALUES (9820, 'ipsam', 11189, 2137195, 2342);
INSERT INTO `Cargo` (`CargoID`, `CargoType`, `Weight`, `Value`, `CompanyID`) VALUES (9857, 'illo', 7117, 9557626, 4846);
INSERT INTO `Cargo` (`CargoID`, `CargoType`, `Weight`, `Value`, `CompanyID`) VALUES (9862, 'est', 1332, 1026055, 1297);
INSERT INTO `Cargo` (`CargoID`, `CargoType`, `Weight`, `Value`, `CompanyID`) VALUES (9884, 'quisquam', 19985, 8035661, 8339);
INSERT INTO `Cargo` (`CargoID`, `CargoType`, `Weight`, `Value`, `CompanyID`) VALUES (9895, 'rem', 2264, 8247289, 9017);
INSERT INTO `Cargo` (`CargoID`, `CargoType`, `Weight`, `Value`, `CompanyID`) VALUES (9917, 'et', 13756, 8002986, 3978);
INSERT INTO `Cargo` (`CargoID`, `CargoType`, `Weight`, `Value`, `CompanyID`) VALUES (9959, 'provident', 25237, 7269576, 5141);
INSERT INTO `Cargo` (`CargoID`, `CargoType`, `Weight`, `Value`, `CompanyID`) VALUES (9984, 'neque', 1921, 2619810, 4846);
INSERT INTO `Cargo` (`CargoID`, `CargoType`, `Weight`, `Value`, `CompanyID`) VALUES (9987, 'non', 19259, 9691798, 7165);


#
# TABLE STRUCTURE FOR: CarryPassengerShipment
#

DROP TABLE IF EXISTS `CarryPassengerShipment`;

CREATE TABLE `CarryPassengerShipment` (
  `AstroID` int(11) NOT NULL,
  `InvoiceNum` int(11) NOT NULL,
  PRIMARY KEY (`AstroID`,`InvoiceNum`),
  KEY `InvoiceNum` (`InvoiceNum`),
  CONSTRAINT `CarryPassengerShipment_ibfk_1` FOREIGN KEY (`AstroID`) REFERENCES `Crew` (`AstroID`) ON DELETE CASCADE ON UPDATE CASCADE,
  CONSTRAINT `CarryPassengerShipment_ibfk_2` FOREIGN KEY (`InvoiceNum`) REFERENCES `ShipmentLaunchpadSlot` (`InvoiceNum`)
) ENGINE=InnoDB DEFAULT CHARSET=utf8 COLLATE=utf8_unicode_ci;

INSERT INTO `CarryPassengerShipment` (`AstroID`, `InvoiceNum`) VALUES (114845, 121061);
INSERT INTO `CarryPassengerShipment` (`AstroID`, `InvoiceNum`) VALUES (124708, 124133);
INSERT INTO `CarryPassengerShipment` (`AstroID`, `InvoiceNum`) VALUES (135093, 124279);
INSERT INTO `CarryPassengerShipment` (`AstroID`, `InvoiceNum`) VALUES (143428, 145481);
INSERT INTO `CarryPassengerShipment` (`AstroID`, `InvoiceNum`) VALUES (145281, 199647);
INSERT INTO `CarryPassengerShipment` (`AstroID`, `InvoiceNum`) VALUES (145545, 205149);
INSERT INTO `CarryPassengerShipment` (`AstroID`, `InvoiceNum`) VALUES (153700, 206733);
INSERT INTO `CarryPassengerShipment` (`AstroID`, `InvoiceNum`) VALUES (156023, 214444);
INSERT INTO `CarryPassengerShipment` (`AstroID`, `InvoiceNum`) VALUES (162233, 249460);
INSERT INTO `CarryPassengerShipment` (`AstroID`, `InvoiceNum`) VALUES (163269, 286959);
INSERT INTO `CarryPassengerShipment` (`AstroID`, `InvoiceNum`) VALUES (166185, 286998);
INSERT INTO `CarryPassengerShipment` (`AstroID`, `InvoiceNum`) VALUES (202235, 299577);
INSERT INTO `CarryPassengerShipment` (`AstroID`, `InvoiceNum`) VALUES (211407, 350967);
INSERT INTO `CarryPassengerShipment` (`AstroID`, `InvoiceNum`) VALUES (221038, 452504);
INSERT INTO `CarryPassengerShipment` (`AstroID`, `InvoiceNum`) VALUES (225989, 486152);
INSERT INTO `CarryPassengerShipment` (`AstroID`, `InvoiceNum`) VALUES (234606, 504355);
INSERT INTO `CarryPassengerShipment` (`AstroID`, `InvoiceNum`) VALUES (240047, 510001);
INSERT INTO `CarryPassengerShipment` (`AstroID`, `InvoiceNum`) VALUES (251759, 513882);
INSERT INTO `CarryPassengerShipment` (`AstroID`, `InvoiceNum`) VALUES (253364, 532253);
INSERT INTO `CarryPassengerShipment` (`AstroID`, `InvoiceNum`) VALUES (274166, 541329);
INSERT INTO `CarryPassengerShipment` (`AstroID`, `InvoiceNum`) VALUES (280585, 560856);
INSERT INTO `CarryPassengerShipment` (`AstroID`, `InvoiceNum`) VALUES (286286, 606683);
INSERT INTO `CarryPassengerShipment` (`AstroID`, `InvoiceNum`) VALUES (286810, 608385);
INSERT INTO `CarryPassengerShipment` (`AstroID`, `InvoiceNum`) VALUES (303306, 620102);
INSERT INTO `CarryPassengerShipment` (`AstroID`, `InvoiceNum`) VALUES (315491, 638631);
INSERT INTO `CarryPassengerShipment` (`AstroID`, `InvoiceNum`) VALUES (319554, 650555);
INSERT INTO `CarryPassengerShipment` (`AstroID`, `InvoiceNum`) VALUES (331777, 747956);
INSERT INTO `CarryPassengerShipment` (`AstroID`, `InvoiceNum`) VALUES (340051, 756391);
INSERT INTO `CarryPassengerShipment` (`AstroID`, `InvoiceNum`) VALUES (361065, 758430);
INSERT INTO `CarryPassengerShipment` (`AstroID`, `InvoiceNum`) VALUES (383740, 768949);
INSERT INTO `CarryPassengerShipment` (`AstroID`, `InvoiceNum`) VALUES (383900, 773510);
INSERT INTO `CarryPassengerShipment` (`AstroID`, `InvoiceNum`) VALUES (408194, 817848);
INSERT INTO `CarryPassengerShipment` (`AstroID`, `InvoiceNum`) VALUES (434287, 839269);
INSERT INTO `CarryPassengerShipment` (`AstroID`, `InvoiceNum`) VALUES (453416, 842989);
INSERT INTO `CarryPassengerShipment` (`AstroID`, `InvoiceNum`) VALUES (453768, 871027);
INSERT INTO `CarryPassengerShipment` (`AstroID`, `InvoiceNum`) VALUES (454938, 880098);
INSERT INTO `CarryPassengerShipment` (`AstroID`, `InvoiceNum`) VALUES (460365, 902752);
INSERT INTO `CarryPassengerShipment` (`AstroID`, `InvoiceNum`) VALUES (475303, 912348);
INSERT INTO `CarryPassengerShipment` (`AstroID`, `InvoiceNum`) VALUES (476846, 917434);
INSERT INTO `CarryPassengerShipment` (`AstroID`, `InvoiceNum`) VALUES (480535, 925351);


#
# TABLE STRUCTURE FOR: Company
#

DROP TABLE IF EXISTS `Company`;

CREATE TABLE `Company` (
  `CompanyID` int(11) NOT NULL,
  `Name` varchar(100) COLLATE utf8_unicode_ci DEFAULT NULL,
  PRIMARY KEY (`CompanyID`)
) ENGINE=InnoDB DEFAULT CHARSET=utf8 COLLATE=utf8_unicode_ci;

INSERT INTO `Company` (`CompanyID`, `Name`) VALUES (1006, 'Pollich, Ernser and Upton');
INSERT INTO `Company` (`CompanyID`, `Name`) VALUES (1184, 'Bahringer, Hyatt and Runte');
INSERT INTO `Company` (`CompanyID`, `Name`) VALUES (1297, 'Berge, Kerluke and Nienow');
INSERT INTO `Company` (`CompanyID`, `Name`) VALUES (1567, 'Schuppe-Legros');
INSERT INTO `Company` (`CompanyID`, `Name`) VALUES (2315, 'Ankunding, Boyer and Jenkins');
INSERT INTO `Company` (`CompanyID`, `Name`) VALUES (2342, 'Wisoky-Daugherty');
INSERT INTO `Company` (`CompanyID`, `Name`) VALUES (3185, 'Waters-Luettgen');
INSERT INTO `Company` (`CompanyID`, `Name`) VALUES (3204, 'Davis-Emard');
INSERT INTO `Company` (`CompanyID`, `Name`) VALUES (3978, 'Harber-Yost');
INSERT INTO `Company` (`CompanyID`, `Name`) VALUES (3993, 'King, Kirlin and Herman');
INSERT INTO `Company` (`CompanyID`, `Name`) VALUES (4125, 'Roberts and Sons');
INSERT INTO `Company` (`CompanyID`, `Name`) VALUES (4736, 'Bartoletti-Borer');
INSERT INTO `Company` (`CompanyID`, `Name`) VALUES (4846, 'Tremblay Ltd');
INSERT INTO `Company` (`CompanyID`, `Name`) VALUES (5077, 'Gutkowski-Schulist');
INSERT INTO `Company` (`CompanyID`, `Name`) VALUES (5141, 'Bernier-Thompson');
INSERT INTO `Company` (`CompanyID`, `Name`) VALUES (5611, 'Welch-Torphy');
INSERT INTO `Company` (`CompanyID`, `Name`) VALUES (5650, 'Anderson, Doyle and Friesen');
INSERT INTO `Company` (`CompanyID`, `Name`) VALUES (6012, 'O\'Reilly-Schultz');
INSERT INTO `Company` (`CompanyID`, `Name`) VALUES (6344, 'Veum Ltd');
INSERT INTO `Company` (`CompanyID`, `Name`) VALUES (6419, 'Wintheiser-Quigley');
INSERT INTO `Company` (`CompanyID`, `Name`) VALUES (6899, 'Hessel Group');
INSERT INTO `Company` (`CompanyID`, `Name`) VALUES (7165, 'O\'Keefe-Bashirian');
INSERT INTO `Company` (`CompanyID`, `Name`) VALUES (7175, 'Champlin LLC');
INSERT INTO `Company` (`CompanyID`, `Name`) VALUES (7252, 'Wunsch-Boehm');
INSERT INTO `Company` (`CompanyID`, `Name`) VALUES (7490, 'Wolf, Lowe and Hilpert');
INSERT INTO `Company` (`CompanyID`, `Name`) VALUES (7709, 'Raynor, Okuneva and Roberts');
INSERT INTO `Company` (`CompanyID`, `Name`) VALUES (8339, 'Gottlieb, Kozey and Stark');
INSERT INTO `Company` (`CompanyID`, `Name`) VALUES (8872, 'Schaden-Williamson');
INSERT INTO `Company` (`CompanyID`, `Name`) VALUES (9017, 'Bashirian-VonRueden');
INSERT INTO `Company` (`CompanyID`, `Name`) VALUES (9359, 'Grant LLC');


#
# TABLE STRUCTURE FOR: Crew
#

DROP TABLE IF EXISTS `Crew`;

CREATE TABLE `Crew` (
  `AstroID` int(11) NOT NULL,
  `CompanyID` int(11) DEFAULT NULL,
  PRIMARY KEY (`AstroID`),
  KEY `CompanyID` (`CompanyID`),
  CONSTRAINT `Crew_ibfk_1` FOREIGN KEY (`AstroID`) REFERENCES `Astronaut` (`AstroID`) ON DELETE CASCADE ON UPDATE CASCADE,
  CONSTRAINT `Crew_ibfk_2` FOREIGN KEY (`CompanyID`) REFERENCES `Company` (`CompanyID`)
) ENGINE=InnoDB DEFAULT CHARSET=utf8 COLLATE=utf8_unicode_ci;

INSERT INTO `Crew` (`AstroID`, `CompanyID`) VALUES (114845, 1006);
INSERT INTO `Crew` (`AstroID`, `CompanyID`) VALUES (383900, 1006);
INSERT INTO `Crew` (`AstroID`, `CompanyID`) VALUES (124708, 1184);
INSERT INTO `Crew` (`AstroID`, `CompanyID`) VALUES (408194, 1184);
INSERT INTO `Crew` (`AstroID`, `CompanyID`) VALUES (135093, 1297);
INSERT INTO `Crew` (`AstroID`, `CompanyID`) VALUES (434287, 1297);
INSERT INTO `Crew` (`AstroID`, `CompanyID`) VALUES (143428, 1567);
INSERT INTO `Crew` (`AstroID`, `CompanyID`) VALUES (453416, 1567);
INSERT INTO `Crew` (`AstroID`, `CompanyID`) VALUES (145281, 2315);
INSERT INTO `Crew` (`AstroID`, `CompanyID`) VALUES (453768, 2315);
INSERT INTO `Crew` (`AstroID`, `CompanyID`) VALUES (145545, 2342);
INSERT INTO `Crew` (`AstroID`, `CompanyID`) VALUES (454938, 2342);
INSERT INTO `Crew` (`AstroID`, `CompanyID`) VALUES (153700, 3185);
INSERT INTO `Crew` (`AstroID`, `CompanyID`) VALUES (460365, 3185);
INSERT INTO `Crew` (`AstroID`, `CompanyID`) VALUES (156023, 3204);
INSERT INTO `Crew` (`AstroID`, `CompanyID`) VALUES (475303, 3204);
INSERT INTO `Crew` (`AstroID`, `CompanyID`) VALUES (162233, 3978);
INSERT INTO `Crew` (`AstroID`, `CompanyID`) VALUES (476846, 3978);
INSERT INTO `Crew` (`AstroID`, `CompanyID`) VALUES (163269, 3993);
INSERT INTO `Crew` (`AstroID`, `CompanyID`) VALUES (480535, 3993);
INSERT INTO `Crew` (`AstroID`, `CompanyID`) VALUES (166185, 4125);
INSERT INTO `Crew` (`AstroID`, `CompanyID`) VALUES (488032, 4125);
INSERT INTO `Crew` (`AstroID`, `CompanyID`) VALUES (202235, 4736);
INSERT INTO `Crew` (`AstroID`, `CompanyID`) VALUES (494178, 4736);
INSERT INTO `Crew` (`AstroID`, `CompanyID`) VALUES (211407, 4846);
INSERT INTO `Crew` (`AstroID`, `CompanyID`) VALUES (496853, 4846);
INSERT INTO `Crew` (`AstroID`, `CompanyID`) VALUES (221038, 5077);
INSERT INTO `Crew` (`AstroID`, `CompanyID`) VALUES (506782, 5077);
INSERT INTO `Crew` (`AstroID`, `CompanyID`) VALUES (225989, 5141);
INSERT INTO `Crew` (`AstroID`, `CompanyID`) VALUES (508258, 5141);
INSERT INTO `Crew` (`AstroID`, `CompanyID`) VALUES (234606, 5611);
INSERT INTO `Crew` (`AstroID`, `CompanyID`) VALUES (522432, 5611);
INSERT INTO `Crew` (`AstroID`, `CompanyID`) VALUES (240047, 5650);
INSERT INTO `Crew` (`AstroID`, `CompanyID`) VALUES (524739, 5650);
INSERT INTO `Crew` (`AstroID`, `CompanyID`) VALUES (251759, 6012);
INSERT INTO `Crew` (`AstroID`, `CompanyID`) VALUES (525574, 6012);
INSERT INTO `Crew` (`AstroID`, `CompanyID`) VALUES (253364, 6344);
INSERT INTO `Crew` (`AstroID`, `CompanyID`) VALUES (527870, 6344);
INSERT INTO `Crew` (`AstroID`, `CompanyID`) VALUES (274166, 6419);
INSERT INTO `Crew` (`AstroID`, `CompanyID`) VALUES (556767, 6419);
INSERT INTO `Crew` (`AstroID`, `CompanyID`) VALUES (280585, 6899);
INSERT INTO `Crew` (`AstroID`, `CompanyID`) VALUES (557664, 6899);
INSERT INTO `Crew` (`AstroID`, `CompanyID`) VALUES (286286, 7165);
INSERT INTO `Crew` (`AstroID`, `CompanyID`) VALUES (563999, 7165);
INSERT INTO `Crew` (`AstroID`, `CompanyID`) VALUES (286810, 7175);
INSERT INTO `Crew` (`AstroID`, `CompanyID`) VALUES (573308, 7175);
INSERT INTO `Crew` (`AstroID`, `CompanyID`) VALUES (303306, 7252);
INSERT INTO `Crew` (`AstroID`, `CompanyID`) VALUES (573528, 7252);
INSERT INTO `Crew` (`AstroID`, `CompanyID`) VALUES (315491, 7490);
INSERT INTO `Crew` (`AstroID`, `CompanyID`) VALUES (582457, 7490);
INSERT INTO `Crew` (`AstroID`, `CompanyID`) VALUES (319554, 7709);
INSERT INTO `Crew` (`AstroID`, `CompanyID`) VALUES (585518, 7709);
INSERT INTO `Crew` (`AstroID`, `CompanyID`) VALUES (331777, 8339);
INSERT INTO `Crew` (`AstroID`, `CompanyID`) VALUES (597808, 8339);
INSERT INTO `Crew` (`AstroID`, `CompanyID`) VALUES (340051, 8872);
INSERT INTO `Crew` (`AstroID`, `CompanyID`) VALUES (600514, 8872);
INSERT INTO `Crew` (`AstroID`, `CompanyID`) VALUES (361065, 9017);
INSERT INTO `Crew` (`AstroID`, `CompanyID`) VALUES (600791, 9017);
INSERT INTO `Crew` (`AstroID`, `CompanyID`) VALUES (383740, 9359);
INSERT INTO `Crew` (`AstroID`, `CompanyID`) VALUES (602271, 9359);


#
# TABLE STRUCTURE FOR: CrewShipment
#

DROP TABLE IF EXISTS `CrewShipment`;

CREATE TABLE `CrewShipment` (
  `AstroID` int(11) NOT NULL,
  `InvoiceNum` int(11) NOT NULL,
  PRIMARY KEY (`AstroID`,`InvoiceNum`),
  KEY `InvoiceNum` (`InvoiceNum`),
  CONSTRAINT `CrewShipment_ibfk_1` FOREIGN KEY (`AstroID`) REFERENCES `Crew` (`AstroID`) ON DELETE CASCADE ON UPDATE CASCADE,
  CONSTRAINT `CrewShipment_ibfk_2` FOREIGN KEY (`InvoiceNum`) REFERENCES `ShipmentLaunchpadSlot` (`InvoiceNum`)
) ENGINE=InnoDB DEFAULT CHARSET=utf8 COLLATE=utf8_unicode_ci;

INSERT INTO `CrewShipment` (`AstroID`, `InvoiceNum`) VALUES (114845, 121061);
INSERT INTO `CrewShipment` (`AstroID`, `InvoiceNum`) VALUES (114845, 560856);
INSERT INTO `CrewShipment` (`AstroID`, `InvoiceNum`) VALUES (124708, 124133);
INSERT INTO `CrewShipment` (`AstroID`, `InvoiceNum`) VALUES (124708, 606683);
INSERT INTO `CrewShipment` (`AstroID`, `InvoiceNum`) VALUES (135093, 124279);
INSERT INTO `CrewShipment` (`AstroID`, `InvoiceNum`) VALUES (135093, 608385);
INSERT INTO `CrewShipment` (`AstroID`, `InvoiceNum`) VALUES (143428, 145481);
INSERT INTO `CrewShipment` (`AstroID`, `InvoiceNum`) VALUES (143428, 620102);
INSERT INTO `CrewShipment` (`AstroID`, `InvoiceNum`) VALUES (145281, 199647);
INSERT INTO `CrewShipment` (`AstroID`, `InvoiceNum`) VALUES (145281, 638631);
INSERT INTO `CrewShipment` (`AstroID`, `InvoiceNum`) VALUES (145545, 205149);
INSERT INTO `CrewShipment` (`AstroID`, `InvoiceNum`) VALUES (145545, 650555);
INSERT INTO `CrewShipment` (`AstroID`, `InvoiceNum`) VALUES (153700, 206733);
INSERT INTO `CrewShipment` (`AstroID`, `InvoiceNum`) VALUES (153700, 747956);
INSERT INTO `CrewShipment` (`AstroID`, `InvoiceNum`) VALUES (156023, 214444);
INSERT INTO `CrewShipment` (`AstroID`, `InvoiceNum`) VALUES (156023, 756391);
INSERT INTO `CrewShipment` (`AstroID`, `InvoiceNum`) VALUES (162233, 249460);
INSERT INTO `CrewShipment` (`AstroID`, `InvoiceNum`) VALUES (162233, 758430);
INSERT INTO `CrewShipment` (`AstroID`, `InvoiceNum`) VALUES (163269, 286959);
INSERT INTO `CrewShipment` (`AstroID`, `InvoiceNum`) VALUES (163269, 768949);
INSERT INTO `CrewShipment` (`AstroID`, `InvoiceNum`) VALUES (166185, 286998);
INSERT INTO `CrewShipment` (`AstroID`, `InvoiceNum`) VALUES (166185, 773510);
INSERT INTO `CrewShipment` (`AstroID`, `InvoiceNum`) VALUES (202235, 299577);
INSERT INTO `CrewShipment` (`AstroID`, `InvoiceNum`) VALUES (202235, 817848);
INSERT INTO `CrewShipment` (`AstroID`, `InvoiceNum`) VALUES (211407, 350967);
INSERT INTO `CrewShipment` (`AstroID`, `InvoiceNum`) VALUES (211407, 839269);
INSERT INTO `CrewShipment` (`AstroID`, `InvoiceNum`) VALUES (221038, 452504);
INSERT INTO `CrewShipment` (`AstroID`, `InvoiceNum`) VALUES (221038, 842989);
INSERT INTO `CrewShipment` (`AstroID`, `InvoiceNum`) VALUES (225989, 486152);
INSERT INTO `CrewShipment` (`AstroID`, `InvoiceNum`) VALUES (225989, 871027);
INSERT INTO `CrewShipment` (`AstroID`, `InvoiceNum`) VALUES (234606, 504355);
INSERT INTO `CrewShipment` (`AstroID`, `InvoiceNum`) VALUES (234606, 880098);
INSERT INTO `CrewShipment` (`AstroID`, `InvoiceNum`) VALUES (240047, 510001);
INSERT INTO `CrewShipment` (`AstroID`, `InvoiceNum`) VALUES (240047, 902752);
INSERT INTO `CrewShipment` (`AstroID`, `InvoiceNum`) VALUES (251759, 513882);
INSERT INTO `CrewShipment` (`AstroID`, `InvoiceNum`) VALUES (251759, 912348);
INSERT INTO `CrewShipment` (`AstroID`, `InvoiceNum`) VALUES (253364, 532253);
INSERT INTO `CrewShipment` (`AstroID`, `InvoiceNum`) VALUES (253364, 917434);
INSERT INTO `CrewShipment` (`AstroID`, `InvoiceNum`) VALUES (274166, 541329);
INSERT INTO `CrewShipment` (`AstroID`, `InvoiceNum`) VALUES (274166, 925351);
INSERT INTO `CrewShipment` (`AstroID`, `InvoiceNum`) VALUES (280585, 121061);
INSERT INTO `CrewShipment` (`AstroID`, `InvoiceNum`) VALUES (280585, 560856);
INSERT INTO `CrewShipment` (`AstroID`, `InvoiceNum`) VALUES (286286, 124133);
INSERT INTO `CrewShipment` (`AstroID`, `InvoiceNum`) VALUES (286286, 606683);
INSERT INTO `CrewShipment` (`AstroID`, `InvoiceNum`) VALUES (286810, 124279);
INSERT INTO `CrewShipment` (`AstroID`, `InvoiceNum`) VALUES (286810, 608385);
INSERT INTO `CrewShipment` (`AstroID`, `InvoiceNum`) VALUES (303306, 145481);
INSERT INTO `CrewShipment` (`AstroID`, `InvoiceNum`) VALUES (303306, 620102);
INSERT INTO `CrewShipment` (`AstroID`, `InvoiceNum`) VALUES (315491, 199647);
INSERT INTO `CrewShipment` (`AstroID`, `InvoiceNum`) VALUES (315491, 638631);
INSERT INTO `CrewShipment` (`AstroID`, `InvoiceNum`) VALUES (319554, 205149);
INSERT INTO `CrewShipment` (`AstroID`, `InvoiceNum`) VALUES (319554, 650555);
INSERT INTO `CrewShipment` (`AstroID`, `InvoiceNum`) VALUES (331777, 206733);
INSERT INTO `CrewShipment` (`AstroID`, `InvoiceNum`) VALUES (331777, 747956);
INSERT INTO `CrewShipment` (`AstroID`, `InvoiceNum`) VALUES (340051, 214444);
INSERT INTO `CrewShipment` (`AstroID`, `InvoiceNum`) VALUES (340051, 756391);
INSERT INTO `CrewShipment` (`AstroID`, `InvoiceNum`) VALUES (361065, 249460);
INSERT INTO `CrewShipment` (`AstroID`, `InvoiceNum`) VALUES (361065, 758430);
INSERT INTO `CrewShipment` (`AstroID`, `InvoiceNum`) VALUES (383740, 286959);
INSERT INTO `CrewShipment` (`AstroID`, `InvoiceNum`) VALUES (383740, 768949);
INSERT INTO `CrewShipment` (`AstroID`, `InvoiceNum`) VALUES (383900, 286998);
INSERT INTO `CrewShipment` (`AstroID`, `InvoiceNum`) VALUES (383900, 773510);
INSERT INTO `CrewShipment` (`AstroID`, `InvoiceNum`) VALUES (408194, 299577);
INSERT INTO `CrewShipment` (`AstroID`, `InvoiceNum`) VALUES (408194, 817848);
INSERT INTO `CrewShipment` (`AstroID`, `InvoiceNum`) VALUES (434287, 350967);
INSERT INTO `CrewShipment` (`AstroID`, `InvoiceNum`) VALUES (434287, 839269);
INSERT INTO `CrewShipment` (`AstroID`, `InvoiceNum`) VALUES (453416, 452504);
INSERT INTO `CrewShipment` (`AstroID`, `InvoiceNum`) VALUES (453416, 842989);
INSERT INTO `CrewShipment` (`AstroID`, `InvoiceNum`) VALUES (453768, 486152);
INSERT INTO `CrewShipment` (`AstroID`, `InvoiceNum`) VALUES (453768, 871027);
INSERT INTO `CrewShipment` (`AstroID`, `InvoiceNum`) VALUES (454938, 504355);
INSERT INTO `CrewShipment` (`AstroID`, `InvoiceNum`) VALUES (454938, 880098);
INSERT INTO `CrewShipment` (`AstroID`, `InvoiceNum`) VALUES (460365, 510001);
INSERT INTO `CrewShipment` (`AstroID`, `InvoiceNum`) VALUES (460365, 902752);
INSERT INTO `CrewShipment` (`AstroID`, `InvoiceNum`) VALUES (475303, 513882);
INSERT INTO `CrewShipment` (`AstroID`, `InvoiceNum`) VALUES (475303, 912348);
INSERT INTO `CrewShipment` (`AstroID`, `InvoiceNum`) VALUES (476846, 532253);
INSERT INTO `CrewShipment` (`AstroID`, `InvoiceNum`) VALUES (476846, 917434);
INSERT INTO `CrewShipment` (`AstroID`, `InvoiceNum`) VALUES (480535, 541329);
INSERT INTO `CrewShipment` (`AstroID`, `InvoiceNum`) VALUES (480535, 925351);
INSERT INTO `CrewShipment` (`AstroID`, `InvoiceNum`) VALUES (488032, 121061);
INSERT INTO `CrewShipment` (`AstroID`, `InvoiceNum`) VALUES (494178, 124133);
INSERT INTO `CrewShipment` (`AstroID`, `InvoiceNum`) VALUES (496853, 124279);
INSERT INTO `CrewShipment` (`AstroID`, `InvoiceNum`) VALUES (506782, 145481);
INSERT INTO `CrewShipment` (`AstroID`, `InvoiceNum`) VALUES (508258, 199647);
INSERT INTO `CrewShipment` (`AstroID`, `InvoiceNum`) VALUES (522432, 205149);
INSERT INTO `CrewShipment` (`AstroID`, `InvoiceNum`) VALUES (524739, 206733);
INSERT INTO `CrewShipment` (`AstroID`, `InvoiceNum`) VALUES (525574, 214444);
INSERT INTO `CrewShipment` (`AstroID`, `InvoiceNum`) VALUES (527870, 249460);
INSERT INTO `CrewShipment` (`AstroID`, `InvoiceNum`) VALUES (556767, 286959);
INSERT INTO `CrewShipment` (`AstroID`, `InvoiceNum`) VALUES (557664, 286998);
INSERT INTO `CrewShipment` (`AstroID`, `InvoiceNum`) VALUES (563999, 299577);
INSERT INTO `CrewShipment` (`AstroID`, `InvoiceNum`) VALUES (573308, 350967);
INSERT INTO `CrewShipment` (`AstroID`, `InvoiceNum`) VALUES (573528, 452504);
INSERT INTO `CrewShipment` (`AstroID`, `InvoiceNum`) VALUES (582457, 486152);
INSERT INTO `CrewShipment` (`AstroID`, `InvoiceNum`) VALUES (585518, 504355);
INSERT INTO `CrewShipment` (`AstroID`, `InvoiceNum`) VALUES (597808, 510001);
INSERT INTO `CrewShipment` (`AstroID`, `InvoiceNum`) VALUES (600514, 513882);
INSERT INTO `CrewShipment` (`AstroID`, `InvoiceNum`) VALUES (600791, 532253);
INSERT INTO `CrewShipment` (`AstroID`, `InvoiceNum`) VALUES (602271, 541329);


#
# TABLE STRUCTURE FOR: Officer
#

DROP TABLE IF EXISTS `Officer`;

CREATE TABLE `Officer` (
  `AstroID` int(11) NOT NULL,
  PRIMARY KEY (`AstroID`),
  CONSTRAINT `Officer_ibfk_1` FOREIGN KEY (`AstroID`) REFERENCES `Astronaut` (`AstroID`) ON DELETE CASCADE ON UPDATE CASCADE
) ENGINE=InnoDB DEFAULT CHARSET=utf8 COLLATE=utf8_unicode_ci;

INSERT INTO `Officer` (`AstroID`) VALUES (114845);
INSERT INTO `Officer` (`AstroID`) VALUES (124708);
INSERT INTO `Officer` (`AstroID`) VALUES (135093);
INSERT INTO `Officer` (`AstroID`) VALUES (143428);
INSERT INTO `Officer` (`AstroID`) VALUES (145281);
INSERT INTO `Officer` (`AstroID`) VALUES (145545);
INSERT INTO `Officer` (`AstroID`) VALUES (153700);
INSERT INTO `Officer` (`AstroID`) VALUES (156023);
INSERT INTO `Officer` (`AstroID`) VALUES (162233);
INSERT INTO `Officer` (`AstroID`) VALUES (163269);
INSERT INTO `Officer` (`AstroID`) VALUES (166185);
INSERT INTO `Officer` (`AstroID`) VALUES (202235);
INSERT INTO `Officer` (`AstroID`) VALUES (211407);
INSERT INTO `Officer` (`AstroID`) VALUES (221038);
INSERT INTO `Officer` (`AstroID`) VALUES (225989);


#
# TABLE STRUCTURE FOR: Passenger
#

DROP TABLE IF EXISTS `Passenger`;

CREATE TABLE `Passenger` (
  `AstroID` int(11) NOT NULL,
  `RequiresAssistance` char(3) COLLATE utf8_unicode_ci DEFAULT NULL,
  PRIMARY KEY (`AstroID`),
  CONSTRAINT `Passenger_ibfk_1` FOREIGN KEY (`AstroID`) REFERENCES `Astronaut` (`AstroID`) ON DELETE CASCADE ON UPDATE CASCADE
) ENGINE=InnoDB DEFAULT CHARSET=utf8 COLLATE=utf8_unicode_ci;

INSERT INTO `Passenger` (`AstroID`, `RequiresAssistance`) VALUES (114845, '1');
INSERT INTO `Passenger` (`AstroID`, `RequiresAssistance`) VALUES (124708, '1');
INSERT INTO `Passenger` (`AstroID`, `RequiresAssistance`) VALUES (135093, '1');
INSERT INTO `Passenger` (`AstroID`, `RequiresAssistance`) VALUES (143428, '');
INSERT INTO `Passenger` (`AstroID`, `RequiresAssistance`) VALUES (145281, '1');
INSERT INTO `Passenger` (`AstroID`, `RequiresAssistance`) VALUES (145545, '');
INSERT INTO `Passenger` (`AstroID`, `RequiresAssistance`) VALUES (153700, '1');
INSERT INTO `Passenger` (`AstroID`, `RequiresAssistance`) VALUES (156023, '1');
INSERT INTO `Passenger` (`AstroID`, `RequiresAssistance`) VALUES (162233, '1');
INSERT INTO `Passenger` (`AstroID`, `RequiresAssistance`) VALUES (163269, '');
INSERT INTO `Passenger` (`AstroID`, `RequiresAssistance`) VALUES (166185, '1');
INSERT INTO `Passenger` (`AstroID`, `RequiresAssistance`) VALUES (202235, '');
INSERT INTO `Passenger` (`AstroID`, `RequiresAssistance`) VALUES (211407, '');
INSERT INTO `Passenger` (`AstroID`, `RequiresAssistance`) VALUES (221038, '1');
INSERT INTO `Passenger` (`AstroID`, `RequiresAssistance`) VALUES (225989, '');
INSERT INTO `Passenger` (`AstroID`, `RequiresAssistance`) VALUES (234606, '');
INSERT INTO `Passenger` (`AstroID`, `RequiresAssistance`) VALUES (240047, '');
INSERT INTO `Passenger` (`AstroID`, `RequiresAssistance`) VALUES (251759, '1');
INSERT INTO `Passenger` (`AstroID`, `RequiresAssistance`) VALUES (253364, '');
INSERT INTO `Passenger` (`AstroID`, `RequiresAssistance`) VALUES (274166, '');
INSERT INTO `Passenger` (`AstroID`, `RequiresAssistance`) VALUES (280585, '1');
INSERT INTO `Passenger` (`AstroID`, `RequiresAssistance`) VALUES (286286, '');
INSERT INTO `Passenger` (`AstroID`, `RequiresAssistance`) VALUES (286810, '1');
INSERT INTO `Passenger` (`AstroID`, `RequiresAssistance`) VALUES (303306, '');
INSERT INTO `Passenger` (`AstroID`, `RequiresAssistance`) VALUES (315491, '');
INSERT INTO `Passenger` (`AstroID`, `RequiresAssistance`) VALUES (319554, '1');
INSERT INTO `Passenger` (`AstroID`, `RequiresAssistance`) VALUES (331777, '1');
INSERT INTO `Passenger` (`AstroID`, `RequiresAssistance`) VALUES (340051, '1');
INSERT INTO `Passenger` (`AstroID`, `RequiresAssistance`) VALUES (361065, '1');
INSERT INTO `Passenger` (`AstroID`, `RequiresAssistance`) VALUES (383740, '');
INSERT INTO `Passenger` (`AstroID`, `RequiresAssistance`) VALUES (383900, '1');
INSERT INTO `Passenger` (`AstroID`, `RequiresAssistance`) VALUES (408194, '');
INSERT INTO `Passenger` (`AstroID`, `RequiresAssistance`) VALUES (434287, '1');
INSERT INTO `Passenger` (`AstroID`, `RequiresAssistance`) VALUES (453416, '1');
INSERT INTO `Passenger` (`AstroID`, `RequiresAssistance`) VALUES (453768, '');
INSERT INTO `Passenger` (`AstroID`, `RequiresAssistance`) VALUES (454938, '1');
INSERT INTO `Passenger` (`AstroID`, `RequiresAssistance`) VALUES (460365, '1');
INSERT INTO `Passenger` (`AstroID`, `RequiresAssistance`) VALUES (475303, '1');
INSERT INTO `Passenger` (`AstroID`, `RequiresAssistance`) VALUES (476846, '');
INSERT INTO `Passenger` (`AstroID`, `RequiresAssistance`) VALUES (480535, '1');


#
# TABLE STRUCTURE FOR: Reservation
#

DROP TABLE IF EXISTS `Reservation`;

CREATE TABLE `Reservation` (
  `ReserveID` int(11) NOT NULL,
  `RequestedDate` date DEFAULT NULL,
  `Destination` varchar(30) COLLATE utf8_unicode_ci DEFAULT NULL,
  `CompanyID` int(11) NOT NULL,
  `RocketID` int(11) NOT NULL,
  PRIMARY KEY (`ReserveID`),
  KEY `CompanyID` (`CompanyID`),
  KEY `RocketID` (`RocketID`),
  CONSTRAINT `Reservation_ibfk_1` FOREIGN KEY (`CompanyID`) REFERENCES `Company` (`CompanyID`),
  CONSTRAINT `Reservation_ibfk_2` FOREIGN KEY (`RocketID`) REFERENCES `Rocket` (`RocketID`)
) ENGINE=InnoDB DEFAULT CHARSET=utf8 COLLATE=utf8_unicode_ci;

INSERT INTO `Reservation` (`ReserveID`, `RequestedDate`, `Destination`, `CompanyID`, `RocketID`) VALUES (107529, '1996-06-03', 'West Herman', 1006, 59892);
INSERT INTO `Reservation` (`ReserveID`, `RequestedDate`, `Destination`, `CompanyID`, `RocketID`) VALUES (143764, '2012-01-01', 'South Terrillville', 4736, 31376);
INSERT INTO `Reservation` (`ReserveID`, `RequestedDate`, `Destination`, `CompanyID`, `RocketID`) VALUES (152323, '1986-02-10', 'Rosenbaumland', 6012, 95381);
INSERT INTO `Reservation` (`ReserveID`, `RequestedDate`, `Destination`, `CompanyID`, `RocketID`) VALUES (160318, '1999-06-24', 'New Petraville', 4846, 85908);
INSERT INTO `Reservation` (`ReserveID`, `RequestedDate`, `Destination`, `CompanyID`, `RocketID`) VALUES (165997, '2015-01-22', 'Marisaberg', 4125, 81399);
INSERT INTO `Reservation` (`ReserveID`, `RequestedDate`, `Destination`, `CompanyID`, `RocketID`) VALUES (176611, '2005-02-13', 'West Randallborough', 7709, 55102);
INSERT INTO `Reservation` (`ReserveID`, `RequestedDate`, `Destination`, `CompanyID`, `RocketID`) VALUES (178482, '2013-04-01', 'Walshville', 5650, 41217);
INSERT INTO `Reservation` (`ReserveID`, `RequestedDate`, `Destination`, `CompanyID`, `RocketID`) VALUES (206511, '1996-12-21', 'West Adele', 7175, 12407);
INSERT INTO `Reservation` (`ReserveID`, `RequestedDate`, `Destination`, `CompanyID`, `RocketID`) VALUES (213219, '2018-07-28', 'Zulaufview', 1567, 66950);
INSERT INTO `Reservation` (`ReserveID`, `RequestedDate`, `Destination`, `CompanyID`, `RocketID`) VALUES (216077, '2004-07-21', 'Lake Domingo', 7490, 15745);
INSERT INTO `Reservation` (`ReserveID`, `RequestedDate`, `Destination`, `CompanyID`, `RocketID`) VALUES (220302, '2011-04-25', 'West Maidafort', 7709, 23892);
INSERT INTO `Reservation` (`ReserveID`, `RequestedDate`, `Destination`, `CompanyID`, `RocketID`) VALUES (228987, '2003-05-20', 'Romagueraport', 1006, 10560);
INSERT INTO `Reservation` (`ReserveID`, `RequestedDate`, `Destination`, `CompanyID`, `RocketID`) VALUES (310564, '1997-04-15', 'New Sydnichester', 2342, 74357);
INSERT INTO `Reservation` (`ReserveID`, `RequestedDate`, `Destination`, `CompanyID`, `RocketID`) VALUES (314739, '1981-12-25', 'Deangeloton', 9359, 27793);
INSERT INTO `Reservation` (`ReserveID`, `RequestedDate`, `Destination`, `CompanyID`, `RocketID`) VALUES (334565, '2004-03-19', 'Windlerfort', 1184, 64363);
INSERT INTO `Reservation` (`ReserveID`, `RequestedDate`, `Destination`, `CompanyID`, `RocketID`) VALUES (335772, '1995-02-12', 'East Hallestad', 6899, 48372);
INSERT INTO `Reservation` (`ReserveID`, `RequestedDate`, `Destination`, `CompanyID`, `RocketID`) VALUES (336415, '2016-06-25', 'Eraland', 5650, 93877);
INSERT INTO `Reservation` (`ReserveID`, `RequestedDate`, `Destination`, `CompanyID`, `RocketID`) VALUES (348588, '2007-05-23', 'Nolanmouth', 1567, 13028);
INSERT INTO `Reservation` (`ReserveID`, `RequestedDate`, `Destination`, `CompanyID`, `RocketID`) VALUES (362306, '1974-09-05', 'Lake Cloyd', 7165, 49333);
INSERT INTO `Reservation` (`ReserveID`, `RequestedDate`, `Destination`, `CompanyID`, `RocketID`) VALUES (373214, '1980-01-28', 'Lake Stephanymouth', 1297, 65590);
INSERT INTO `Reservation` (`ReserveID`, `RequestedDate`, `Destination`, `CompanyID`, `RocketID`) VALUES (380265, '1977-06-11', 'North Sylvia', 4846, 31849);
INSERT INTO `Reservation` (`ReserveID`, `RequestedDate`, `Destination`, `CompanyID`, `RocketID`) VALUES (401376, '1991-07-03', 'Malikaberg', 7252, 13028);
INSERT INTO `Reservation` (`ReserveID`, `RequestedDate`, `Destination`, `CompanyID`, `RocketID`) VALUES (415343, '2006-10-18', 'Port Akeemchester', 5141, 88613);
INSERT INTO `Reservation` (`ReserveID`, `RequestedDate`, `Destination`, `CompanyID`, `RocketID`) VALUES (420616, '1975-12-21', 'Lakinview', 1184, 11924);
INSERT INTO `Reservation` (`ReserveID`, `RequestedDate`, `Destination`, `CompanyID`, `RocketID`) VALUES (452543, '2010-05-31', 'Parisianville', 3185, 24093);
INSERT INTO `Reservation` (`ReserveID`, `RequestedDate`, `Destination`, `CompanyID`, `RocketID`) VALUES (469776, '1970-07-19', 'Lefflerburgh', 5077, 88160);
INSERT INTO `Reservation` (`ReserveID`, `RequestedDate`, `Destination`, `CompanyID`, `RocketID`) VALUES (507139, '2018-06-26', 'Port Betteport', 8872, 56454);
INSERT INTO `Reservation` (`ReserveID`, `RequestedDate`, `Destination`, `CompanyID`, `RocketID`) VALUES (508144, '1983-09-21', 'Weimannton', 3993, 79769);
INSERT INTO `Reservation` (`ReserveID`, `RequestedDate`, `Destination`, `CompanyID`, `RocketID`) VALUES (509009, '2000-10-11', 'South Corneliushaven', 7175, 51220);
INSERT INTO `Reservation` (`ReserveID`, `RequestedDate`, `Destination`, `CompanyID`, `RocketID`) VALUES (521778, '2009-08-31', 'West Granville', 7252, 51461);
INSERT INTO `Reservation` (`ReserveID`, `RequestedDate`, `Destination`, `CompanyID`, `RocketID`) VALUES (550420, '2013-08-30', 'West Brannonport', 6344, 46160);
INSERT INTO `Reservation` (`ReserveID`, `RequestedDate`, `Destination`, `CompanyID`, `RocketID`) VALUES (572304, '2000-10-17', 'Lake Tyreekland', 3204, 75473);
INSERT INTO `Reservation` (`ReserveID`, `RequestedDate`, `Destination`, `CompanyID`, `RocketID`) VALUES (580077, '2003-01-26', 'Lake Wavaton', 9017, 57291);
INSERT INTO `Reservation` (`ReserveID`, `RequestedDate`, `Destination`, `CompanyID`, `RocketID`) VALUES (590594, '2005-06-01', 'Port Brainbury', 2315, 71722);
INSERT INTO `Reservation` (`ReserveID`, `RequestedDate`, `Destination`, `CompanyID`, `RocketID`) VALUES (606586, '1983-03-06', 'Port Akeem', 1297, 12407);
INSERT INTO `Reservation` (`ReserveID`, `RequestedDate`, `Destination`, `CompanyID`, `RocketID`) VALUES (618529, '1985-03-16', 'East Thadstad', 3978, 27395);
INSERT INTO `Reservation` (`ReserveID`, `RequestedDate`, `Destination`, `CompanyID`, `RocketID`) VALUES (628913, '2011-05-05', 'Vellatown', 9359, 57409);
INSERT INTO `Reservation` (`ReserveID`, `RequestedDate`, `Destination`, `CompanyID`, `RocketID`) VALUES (643420, '1989-11-03', 'Lake Alden', 3978, 75820);
INSERT INTO `Reservation` (`ReserveID`, `RequestedDate`, `Destination`, `CompanyID`, `RocketID`) VALUES (649271, '2002-10-26', 'Wittingville', 3185, 75084);
INSERT INTO `Reservation` (`ReserveID`, `RequestedDate`, `Destination`, `CompanyID`, `RocketID`) VALUES (672696, '1995-05-16', 'Delphinefurt', 4736, 83819);
INSERT INTO `Reservation` (`ReserveID`, `RequestedDate`, `Destination`, `CompanyID`, `RocketID`) VALUES (675482, '1995-06-09', 'New Barrettmouth', 8339, 24093);
INSERT INTO `Reservation` (`ReserveID`, `RequestedDate`, `Destination`, `CompanyID`, `RocketID`) VALUES (687877, '1998-04-30', 'East Miraclemouth', 6344, 96925);
INSERT INTO `Reservation` (`ReserveID`, `RequestedDate`, `Destination`, `CompanyID`, `RocketID`) VALUES (692965, '1972-10-10', 'North Nolanstad', 3204, 24173);
INSERT INTO `Reservation` (`ReserveID`, `RequestedDate`, `Destination`, `CompanyID`, `RocketID`) VALUES (716203, '2015-07-06', 'Leliamouth', 9017, 27395);
INSERT INTO `Reservation` (`ReserveID`, `RequestedDate`, `Destination`, `CompanyID`, `RocketID`) VALUES (719906, '2005-11-09', 'Wiegandview', 5611, 91569);
INSERT INTO `Reservation` (`ReserveID`, `RequestedDate`, `Destination`, `CompanyID`, `RocketID`) VALUES (732694, '1971-06-06', 'Maribelside', 8339, 55112);
INSERT INTO `Reservation` (`ReserveID`, `RequestedDate`, `Destination`, `CompanyID`, `RocketID`) VALUES (733769, '2006-08-26', 'Boganstad', 7490, 53170);
INSERT INTO `Reservation` (`ReserveID`, `RequestedDate`, `Destination`, `CompanyID`, `RocketID`) VALUES (761145, '2017-11-15', 'Johnsonhaven', 5611, 39640);
INSERT INTO `Reservation` (`ReserveID`, `RequestedDate`, `Destination`, `CompanyID`, `RocketID`) VALUES (774635, '2014-01-12', 'Lake Gagetown', 2342, 23892);
INSERT INTO `Reservation` (`ReserveID`, `RequestedDate`, `Destination`, `CompanyID`, `RocketID`) VALUES (800543, '2006-12-04', 'West Marjolaineville', 2315, 15745);
INSERT INTO `Reservation` (`ReserveID`, `RequestedDate`, `Destination`, `CompanyID`, `RocketID`) VALUES (827442, '2018-05-09', 'Billview', 6419, 47969);
INSERT INTO `Reservation` (`ReserveID`, `RequestedDate`, `Destination`, `CompanyID`, `RocketID`) VALUES (827908, '1972-03-22', 'Esmeraldaville', 6419, 98732);
INSERT INTO `Reservation` (`ReserveID`, `RequestedDate`, `Destination`, `CompanyID`, `RocketID`) VALUES (846810, '1986-07-14', 'Connellyhaven', 4125, 30391);
INSERT INTO `Reservation` (`ReserveID`, `RequestedDate`, `Destination`, `CompanyID`, `RocketID`) VALUES (863985, '1998-12-29', 'North Garryberg', 8872, 24173);
INSERT INTO `Reservation` (`ReserveID`, `RequestedDate`, `Destination`, `CompanyID`, `RocketID`) VALUES (937180, '1978-08-12', 'Lake Zander', 5077, 34942);
INSERT INTO `Reservation` (`ReserveID`, `RequestedDate`, `Destination`, `CompanyID`, `RocketID`) VALUES (938576, '1988-02-26', 'West Elmira', 6899, 10560);
INSERT INTO `Reservation` (`ReserveID`, `RequestedDate`, `Destination`, `CompanyID`, `RocketID`) VALUES (951232, '1978-05-07', 'West Benjamin', 5141, 35113);
INSERT INTO `Reservation` (`ReserveID`, `RequestedDate`, `Destination`, `CompanyID`, `RocketID`) VALUES (952857, '2009-03-22', 'Hayesborough', 6012, 45863);
INSERT INTO `Reservation` (`ReserveID`, `RequestedDate`, `Destination`, `CompanyID`, `RocketID`) VALUES (970138, '1980-10-22', 'Lake Dominiquehaven', 7165, 11924);
INSERT INTO `Reservation` (`ReserveID`, `RequestedDate`, `Destination`, `CompanyID`, `RocketID`) VALUES (991740, '2000-05-23', 'North Linnie', 3993, 27793);


#
# TABLE STRUCTURE FOR: Rocket
#

DROP TABLE IF EXISTS `Rocket`;

CREATE TABLE `Rocket` (
  `RocketID` int(11) NOT NULL,
  `Model` varchar(100) COLLATE utf8_unicode_ci DEFAULT NULL,
  `Capacity` double DEFAULT NULL,
  `CompanyID` int(11) DEFAULT NULL,
  PRIMARY KEY (`RocketID`),
  KEY `CompanyID` (`CompanyID`),
  CONSTRAINT `Rocket_ibfk_1` FOREIGN KEY (`CompanyID`) REFERENCES `Company` (`CompanyID`)
) ENGINE=InnoDB DEFAULT CHARSET=utf8 COLLATE=utf8_unicode_ci;

INSERT INTO `Rocket` (`RocketID`, `Model`, `Capacity`, `CompanyID`) VALUES (10560, 'vitae', '56198.93', 8339);
INSERT INTO `Rocket` (`RocketID`, `Model`, `Capacity`, `CompanyID`) VALUES (11924, 'enim', '129340.34', 1184);
INSERT INTO `Rocket` (`RocketID`, `Model`, `Capacity`, `CompanyID`) VALUES (12407, 'facere', '135657.5', 7709);
INSERT INTO `Rocket` (`RocketID`, `Model`, `Capacity`, `CompanyID`) VALUES (13028, 'voluptatem', '112749.16', 1006);
INSERT INTO `Rocket` (`RocketID`, `Model`, `Capacity`, `CompanyID`) VALUES (15745, 'velit', '116976.23', 3993);
INSERT INTO `Rocket` (`RocketID`, `Model`, `Capacity`, `CompanyID`) VALUES (23892, 'officiis', '28998.45', 5611);
INSERT INTO `Rocket` (`RocketID`, `Model`, `Capacity`, `CompanyID`) VALUES (24093, 'tenetur', '84453.41', 3204);
INSERT INTO `Rocket` (`RocketID`, `Model`, `Capacity`, `CompanyID`) VALUES (24173, 'deleniti', '146469.08', 4846);
INSERT INTO `Rocket` (`RocketID`, `Model`, `Capacity`, `CompanyID`) VALUES (27395, 'recusandae', '49209.26', 3993);
INSERT INTO `Rocket` (`RocketID`, `Model`, `Capacity`, `CompanyID`) VALUES (27793, 'dolores', '140859.39', 5141);
INSERT INTO `Rocket` (`RocketID`, `Model`, `Capacity`, `CompanyID`) VALUES (30391, 'aspernatur', '41780.57', 6344);
INSERT INTO `Rocket` (`RocketID`, `Model`, `Capacity`, `CompanyID`) VALUES (31376, 'non', '60229.12', 6419);
INSERT INTO `Rocket` (`RocketID`, `Model`, `Capacity`, `CompanyID`) VALUES (31849, 'consequatur', '194369.75', 7165);
INSERT INTO `Rocket` (`RocketID`, `Model`, `Capacity`, `CompanyID`) VALUES (34942, 'cumque', '183870.98', 1184);
INSERT INTO `Rocket` (`RocketID`, `Model`, `Capacity`, `CompanyID`) VALUES (35113, 'veritatis', '129648.22', 5077);
INSERT INTO `Rocket` (`RocketID`, `Model`, `Capacity`, `CompanyID`) VALUES (39640, 'asperiores', '102526.22', 5650);
INSERT INTO `Rocket` (`RocketID`, `Model`, `Capacity`, `CompanyID`) VALUES (41217, 'amet', '103830.07', 2315);
INSERT INTO `Rocket` (`RocketID`, `Model`, `Capacity`, `CompanyID`) VALUES (45863, 'blanditiis', '182269.63', 6899);
INSERT INTO `Rocket` (`RocketID`, `Model`, `Capacity`, `CompanyID`) VALUES (46160, 'eligendi', '97254.33', 2315);
INSERT INTO `Rocket` (`RocketID`, `Model`, `Capacity`, `CompanyID`) VALUES (47969, 'aut', '110772.76', 5650);
INSERT INTO `Rocket` (`RocketID`, `Model`, `Capacity`, `CompanyID`) VALUES (48372, 'molestiae', '143520', 4736);
INSERT INTO `Rocket` (`RocketID`, `Model`, `Capacity`, `CompanyID`) VALUES (49333, 'aperiam', '77983.66', 1006);
INSERT INTO `Rocket` (`RocketID`, `Model`, `Capacity`, `CompanyID`) VALUES (51220, 'et', '98231.92', 9017);
INSERT INTO `Rocket` (`RocketID`, `Model`, `Capacity`, `CompanyID`) VALUES (51461, 'soluta', '80958.48', 4125);
INSERT INTO `Rocket` (`RocketID`, `Model`, `Capacity`, `CompanyID`) VALUES (53170, 'et', '189541.18', 3978);
INSERT INTO `Rocket` (`RocketID`, `Model`, `Capacity`, `CompanyID`) VALUES (55102, 'amet', '71800.34', 3204);
INSERT INTO `Rocket` (`RocketID`, `Model`, `Capacity`, `CompanyID`) VALUES (55112, 'placeat', '185883.05', 5611);
INSERT INTO `Rocket` (`RocketID`, `Model`, `Capacity`, `CompanyID`) VALUES (56454, 'veniam', '136651.13', 6012);
INSERT INTO `Rocket` (`RocketID`, `Model`, `Capacity`, `CompanyID`) VALUES (57291, 'quia', '57501.11', 1567);
INSERT INTO `Rocket` (`RocketID`, `Model`, `Capacity`, `CompanyID`) VALUES (57409, 'dolorum', '160070.05', 3978);
INSERT INTO `Rocket` (`RocketID`, `Model`, `Capacity`, `CompanyID`) VALUES (59892, 'qui', '13768.24', 3185);
INSERT INTO `Rocket` (`RocketID`, `Model`, `Capacity`, `CompanyID`) VALUES (64363, 'quis', '121166.87', 6344);
INSERT INTO `Rocket` (`RocketID`, `Model`, `Capacity`, `CompanyID`) VALUES (65590, 'laudantium', '191351.66', 8872);
INSERT INTO `Rocket` (`RocketID`, `Model`, `Capacity`, `CompanyID`) VALUES (66950, 'repudiandae', '64075.09', 5077);
INSERT INTO `Rocket` (`RocketID`, `Model`, `Capacity`, `CompanyID`) VALUES (71722, 'minus', '106149.93', 5141);
INSERT INTO `Rocket` (`RocketID`, `Model`, `Capacity`, `CompanyID`) VALUES (74357, 'optio', '105874.8', 3185);
INSERT INTO `Rocket` (`RocketID`, `Model`, `Capacity`, `CompanyID`) VALUES (75084, 'incidunt', '58702.05', 7252);
INSERT INTO `Rocket` (`RocketID`, `Model`, `Capacity`, `CompanyID`) VALUES (75473, 'inventore', '126184.56', 2342);
INSERT INTO `Rocket` (`RocketID`, `Model`, `Capacity`, `CompanyID`) VALUES (75820, 'veritatis', '110824.19', 7490);
INSERT INTO `Rocket` (`RocketID`, `Model`, `Capacity`, `CompanyID`) VALUES (79769, 'aspernatur', '178352.27', 2342);
INSERT INTO `Rocket` (`RocketID`, `Model`, `Capacity`, `CompanyID`) VALUES (81399, 'maiores', '124316.69', 1297);
INSERT INTO `Rocket` (`RocketID`, `Model`, `Capacity`, `CompanyID`) VALUES (83819, 'incidunt', '141265.78', 4736);
INSERT INTO `Rocket` (`RocketID`, `Model`, `Capacity`, `CompanyID`) VALUES (85908, 'aperiam', '160517.15', 6012);
INSERT INTO `Rocket` (`RocketID`, `Model`, `Capacity`, `CompanyID`) VALUES (88160, 'est', '156281.84', 6419);
INSERT INTO `Rocket` (`RocketID`, `Model`, `Capacity`, `CompanyID`) VALUES (88613, 'totam', '19146.74', 1297);
INSERT INTO `Rocket` (`RocketID`, `Model`, `Capacity`, `CompanyID`) VALUES (91569, 'itaque', '115704.59', 4125);
INSERT INTO `Rocket` (`RocketID`, `Model`, `Capacity`, `CompanyID`) VALUES (93877, 'reiciendis', '154512.82', 4846);
INSERT INTO `Rocket` (`RocketID`, `Model`, `Capacity`, `CompanyID`) VALUES (95381, 'porro', '109376.35', 1567);
INSERT INTO `Rocket` (`RocketID`, `Model`, `Capacity`, `CompanyID`) VALUES (96925, 'quo', '176010.81', 7175);
INSERT INTO `Rocket` (`RocketID`, `Model`, `Capacity`, `CompanyID`) VALUES (98732, 'et', '56894.6', 9359);


#
# TABLE STRUCTURE FOR: ShipmentLaunchpadSlot
#

DROP TABLE IF EXISTS `ShipmentLaunchpadSlot`;

CREATE TABLE `ShipmentLaunchpadSlot` (
  `InvoiceNum` int(11) NOT NULL,
  `ReserveID` int(11) DEFAULT NULL,
  `CargoID` int(11) DEFAULT NULL,
  `Cost` double DEFAULT NULL,
  `AstroID` int(11) DEFAULT NULL,
  `Location` varchar(100) COLLATE utf8_unicode_ci NOT NULL,
  `PortNum` int(11) NOT NULL,
  `StartDate` date NOT NULL,
  `EndDate` date NOT NULL,
  `StartTime` time NOT NULL,
  `EndTime` time NOT NULL,
  PRIMARY KEY (`InvoiceNum`),
  UNIQUE KEY `LaunchpadSlot` (`Location`,`PortNum`,`StartDate`,`EndDate`,`StartTime`,`EndTime`),
  KEY `ReserveID` (`ReserveID`),
  KEY `CargoID` (`CargoID`),
  KEY `AstroID` (`AstroID`),
  CONSTRAINT `ShipmentLaunchpadSlot_ibfk_1` FOREIGN KEY (`ReserveID`) REFERENCES `Reservation` (`ReserveID`),
  CONSTRAINT `ShipmentLaunchpadSlot_ibfk_2` FOREIGN KEY (`CargoID`) REFERENCES `Cargo` (`CargoID`) ON DELETE SET NULL ON UPDATE SET NULL,
  CONSTRAINT `ShipmentLaunchpadSlot_ibfk_3` FOREIGN KEY (`AstroID`) REFERENCES `Officer` (`AstroID`) ON DELETE SET NULL ON UPDATE SET NULL
) ENGINE=InnoDB DEFAULT CHARSET=utf8 COLLATE=utf8_unicode_ci;

INSERT INTO `ShipmentLaunchpadSlot` (`InvoiceNum`, `ReserveID`, `CargoID`, `Cost`, `AstroID`, `Location`, `PortNum`, `StartDate`, `EndDate`, `StartTime`, `EndTime`) VALUES (121061, 508144, 1874, '7108900.27', 211407, 'West Jackstad', 11, '2006-06-16', '2012-02-23', '15:48:16', '02:11:49');
INSERT INTO `ShipmentLaunchpadSlot` (`InvoiceNum`, `ReserveID`, `CargoID`, `Cost`, `AstroID`, `Location`, `PortNum`, `StartDate`, `EndDate`, `StartTime`, `EndTime`) VALUES (124133, 572304, 2299, '8770505.47', 124708, 'East Kraig', 2, '2002-06-10', '2003-04-07', '17:36:21', '16:41:34');
INSERT INTO `ShipmentLaunchpadSlot` (`InvoiceNum`, `ReserveID`, `CargoID`, `Cost`, `AstroID`, `Location`, `PortNum`, `StartDate`, `EndDate`, `StartTime`, `EndTime`) VALUES (124279, 336415, 1587, '4609811.12', 124708, 'New Erling', 46, '1979-09-19', '1974-08-17', '20:29:47', '23:06:47');
INSERT INTO `ShipmentLaunchpadSlot` (`InvoiceNum`, `ReserveID`, `CargoID`, `Cost`, `AstroID`, `Location`, `PortNum`, `StartDate`, `EndDate`, `StartTime`, `EndTime`) VALUES (145481, 509009, 1917, '9840293.48', 221038, 'Bednarborough', 39, '2012-10-12', '2000-04-28', '18:14:48', '20:44:41');
INSERT INTO `ShipmentLaunchpadSlot` (`InvoiceNum`, `ReserveID`, `CargoID`, `Cost`, `AstroID`, `Location`, `PortNum`, `StartDate`, `EndDate`, `StartTime`, `EndTime`) VALUES (199647, 649271, 2601, '1307129.9', 162233, 'Itzelfurt', 38, '1974-06-24', '1999-06-20', '05:21:57', '06:52:58');
INSERT INTO `ShipmentLaunchpadSlot` (`InvoiceNum`, `ReserveID`, `CargoID`, `Cost`, `AstroID`, `Location`, `PortNum`, `StartDate`, `EndDate`, `StartTime`, `EndTime`) VALUES (205149, 310564, 1438, '7799568.18', 211407, 'East Solon', 5, '1993-03-20', '2010-11-16', '18:33:02', '23:07:18');
INSERT INTO `ShipmentLaunchpadSlot` (`InvoiceNum`, `ReserveID`, `CargoID`, `Cost`, `AstroID`, `Location`, `PortNum`, `StartDate`, `EndDate`, `StartTime`, `EndTime`) VALUES (206733, 314739, 1468, '4539347', 221038, 'Alexzandermouth', 44, '2009-12-13', '1988-10-05', '15:12:55', '23:42:54');
INSERT INTO `ShipmentLaunchpadSlot` (`InvoiceNum`, `ReserveID`, `CargoID`, `Cost`, `AstroID`, `Location`, `PortNum`, `StartDate`, `EndDate`, `StartTime`, `EndTime`) VALUES (214444, 335772, 1528, '9905237.53', 114845, 'Lake Hilbert', 47, '2017-09-11', '1988-10-02', '23:57:56', '17:50:52');
INSERT INTO `ShipmentLaunchpadSlot` (`InvoiceNum`, `ReserveID`, `CargoID`, `Cost`, `AstroID`, `Location`, `PortNum`, `StartDate`, `EndDate`, `StartTime`, `EndTime`) VALUES (249460, 643420, 2576, '7633087.03', 156023, 'Dickiville', 34, '2013-07-05', '1976-07-17', '09:07:46', '22:15:14');
INSERT INTO `ShipmentLaunchpadSlot` (`InvoiceNum`, `ReserveID`, `CargoID`, `Cost`, `AstroID`, `Location`, `PortNum`, `StartDate`, `EndDate`, `StartTime`, `EndTime`) VALUES (286959, 213219, 1386, '2599786.09', 162233, 'Dibbertshire', 43, '1982-03-02', '1976-08-28', '12:29:46', '21:01:17');
INSERT INTO `ShipmentLaunchpadSlot` (`InvoiceNum`, `ReserveID`, `CargoID`, `Cost`, `AstroID`, `Location`, `PortNum`, `StartDate`, `EndDate`, `StartTime`, `EndTime`) VALUES (286998, 107529, 1025, '1433235.78', 114845, 'Cristobalmouth', 45, '2006-04-14', '2008-06-01', '14:50:46', '06:54:54');
INSERT INTO `ShipmentLaunchpadSlot` (`InvoiceNum`, `ReserveID`, `CargoID`, `Cost`, `AstroID`, `Location`, `PortNum`, `StartDate`, `EndDate`, `StartTime`, `EndTime`) VALUES (299577, 415343, 1731, '2849811.18', 156023, 'Helmerstad', 6, '1995-08-22', '1990-01-07', '13:26:38', '00:44:59');
INSERT INTO `ShipmentLaunchpadSlot` (`InvoiceNum`, `ReserveID`, `CargoID`, `Cost`, `AstroID`, `Location`, `PortNum`, `StartDate`, `EndDate`, `StartTime`, `EndTime`) VALUES (350967, 220302, 1404, '1881923.74', 166185, 'Jesusborough', 17, '1983-08-09', '1981-09-19', '08:59:24', '00:09:16');
INSERT INTO `ShipmentLaunchpadSlot` (`InvoiceNum`, `ReserveID`, `CargoID`, `Cost`, `AstroID`, `Location`, `PortNum`, `StartDate`, `EndDate`, `StartTime`, `EndTime`) VALUES (452504, 550420, 2110, '7068651.55', 114845, 'Lake Ova', 41, '1976-11-01', '2004-12-18', '19:23:22', '10:18:07');
INSERT INTO `ShipmentLaunchpadSlot` (`InvoiceNum`, `ReserveID`, `CargoID`, `Cost`, `AstroID`, `Location`, `PortNum`, `StartDate`, `EndDate`, `StartTime`, `EndTime`) VALUES (486152, 628913, 2572, '2025606.56', 153700, 'Port Donavonmouth', 16, '2012-07-03', '2017-10-12', '10:36:14', '16:56:33');
INSERT INTO `ShipmentLaunchpadSlot` (`InvoiceNum`, `ReserveID`, `CargoID`, `Cost`, `AstroID`, `Location`, `PortNum`, `StartDate`, `EndDate`, `StartTime`, `EndTime`) VALUES (504355, 143764, 1097, '2428153.95', 124708, 'East Katarina', 14, '2000-05-27', '2008-12-21', '17:21:47', '06:01:11');
INSERT INTO `ShipmentLaunchpadSlot` (`InvoiceNum`, `ReserveID`, `CargoID`, `Cost`, `AstroID`, `Location`, `PortNum`, `StartDate`, `EndDate`, `StartTime`, `EndTime`) VALUES (510001, 452543, 1814, '1363787.3', 163269, 'Lake Mylesland', 36, '1991-07-04', '2004-11-28', '06:26:23', '09:21:24');
INSERT INTO `ShipmentLaunchpadSlot` (`InvoiceNum`, `ReserveID`, `CargoID`, `Cost`, `AstroID`, `Location`, `PortNum`, `StartDate`, `EndDate`, `StartTime`, `EndTime`) VALUES (513882, 228987, 1416, '3542328.27', 202235, 'Funkmouth', 27, '1983-11-17', '1971-09-28', '20:11:13', '06:33:59');
INSERT INTO `ShipmentLaunchpadSlot` (`InvoiceNum`, `ReserveID`, `CargoID`, `Cost`, `AstroID`, `Location`, `PortNum`, `StartDate`, `EndDate`, `StartTime`, `EndTime`) VALUES (532253, 373214, 1701, '8419163.43', 145281, 'Mercedestown', 21, '1995-05-29', '1996-01-13', '05:23:59', '11:06:04');
INSERT INTO `ShipmentLaunchpadSlot` (`InvoiceNum`, `ReserveID`, `CargoID`, `Cost`, `AstroID`, `Location`, `PortNum`, `StartDate`, `EndDate`, `StartTime`, `EndTime`) VALUES (541329, 160318, 1154, '7427281.27', 143428, 'Wilfredoside', 8, '2003-11-16', '1976-06-24', '10:20:56', '00:52:54');
INSERT INTO `ShipmentLaunchpadSlot` (`InvoiceNum`, `ReserveID`, `CargoID`, `Cost`, `AstroID`, `Location`, `PortNum`, `StartDate`, `EndDate`, `StartTime`, `EndTime`) VALUES (560856, 521778, 2023, '8238563.89', 225989, 'West Maiya', 35, '2004-05-01', '1995-09-04', '20:12:07', '09:02:10');
INSERT INTO `ShipmentLaunchpadSlot` (`InvoiceNum`, `ReserveID`, `CargoID`, `Cost`, `AstroID`, `Location`, `PortNum`, `StartDate`, `EndDate`, `StartTime`, `EndTime`) VALUES (606683, 401376, 1717, '6781775.7', 153700, 'Feestmouth', 15, '1988-04-29', '1981-02-25', '23:40:44', '12:20:21');
INSERT INTO `ShipmentLaunchpadSlot` (`InvoiceNum`, `ReserveID`, `CargoID`, `Cost`, `AstroID`, `Location`, `PortNum`, `StartDate`, `EndDate`, `StartTime`, `EndTime`) VALUES (608385, 618529, 2435, '2712763.15', 145545, 'North Dayneville', 50, '2014-09-20', '2011-05-25', '09:27:06', '20:29:12');
INSERT INTO `ShipmentLaunchpadSlot` (`InvoiceNum`, `ReserveID`, `CargoID`, `Cost`, `AstroID`, `Location`, `PortNum`, `StartDate`, `EndDate`, `StartTime`, `EndTime`) VALUES (620102, 165997, 1188, '2801885.46', 145281, 'Evalynview', 29, '2006-12-02', '1970-07-19', '14:12:33', '11:32:36');
INSERT INTO `ShipmentLaunchpadSlot` (`InvoiceNum`, `ReserveID`, `CargoID`, `Cost`, `AstroID`, `Location`, `PortNum`, `StartDate`, `EndDate`, `StartTime`, `EndTime`) VALUES (638631, 216077, 1387, '2658298.64', 163269, 'Elfriedaview', 19, '2004-11-29', '1973-08-25', '00:42:01', '22:20:58');
INSERT INTO `ShipmentLaunchpadSlot` (`InvoiceNum`, `ReserveID`, `CargoID`, `Cost`, `AstroID`, `Location`, `PortNum`, `StartDate`, `EndDate`, `StartTime`, `EndTime`) VALUES (650555, 507139, 1870, '9787010.87', 202235, 'New Richieton', 33, '2003-07-02', '2005-06-24', '17:19:46', '06:47:10');
INSERT INTO `ShipmentLaunchpadSlot` (`InvoiceNum`, `ReserveID`, `CargoID`, `Cost`, `AstroID`, `Location`, `PortNum`, `StartDate`, `EndDate`, `StartTime`, `EndTime`) VALUES (747956, 178482, 1232, '7044698.28', 153700, 'Carolineside', 42, '1997-08-04', '1985-09-18', '05:45:42', '15:30:15');
INSERT INTO `ShipmentLaunchpadSlot` (`InvoiceNum`, `ReserveID`, `CargoID`, `Cost`, `AstroID`, `Location`, `PortNum`, `StartDate`, `EndDate`, `StartTime`, `EndTime`) VALUES (756391, 348588, 1617, '5164978', 135093, 'South Calistaton', 1, '2006-11-19', '1990-12-11', '23:11:33', '11:32:55');
INSERT INTO `ShipmentLaunchpadSlot` (`InvoiceNum`, `ReserveID`, `CargoID`, `Cost`, `AstroID`, `Location`, `PortNum`, `StartDate`, `EndDate`, `StartTime`, `EndTime`) VALUES (758430, 206511, 1284, '4240669.07', 156023, 'Lake Dante', 37, '1985-12-27', '2008-03-02', '17:33:23', '23:04:37');
INSERT INTO `ShipmentLaunchpadSlot` (`InvoiceNum`, `ReserveID`, `CargoID`, `Cost`, `AstroID`, `Location`, `PortNum`, `StartDate`, `EndDate`, `StartTime`, `EndTime`) VALUES (768949, 334565, 1475, '3807475.31', 225989, 'New Aurelio', 32, '2003-12-03', '1976-04-26', '17:07:41', '16:04:59');
INSERT INTO `ShipmentLaunchpadSlot` (`InvoiceNum`, `ReserveID`, `CargoID`, `Cost`, `AstroID`, `Location`, `PortNum`, `StartDate`, `EndDate`, `StartTime`, `EndTime`) VALUES (773510, 580077, 2321, '6289797.27', 135093, 'McClurestad', 40, '1970-08-04', '2005-10-17', '17:30:03', '00:26:42');
INSERT INTO `ShipmentLaunchpadSlot` (`InvoiceNum`, `ReserveID`, `CargoID`, `Cost`, `AstroID`, `Location`, `PortNum`, `StartDate`, `EndDate`, `StartTime`, `EndTime`) VALUES (817848, 672696, 2606, '3066089.46', 163269, 'West Ryder', 28, '2012-07-07', '1988-05-08', '07:45:54', '03:54:14');
INSERT INTO `ShipmentLaunchpadSlot` (`InvoiceNum`, `ReserveID`, `CargoID`, `Cost`, `AstroID`, `Location`, `PortNum`, `StartDate`, `EndDate`, `StartTime`, `EndTime`) VALUES (839269, 420616, 1780, '3332566.32', 162233, 'Schimmelberg', 10, '1971-12-15', '2012-03-20', '07:26:15', '02:05:56');
INSERT INTO `ShipmentLaunchpadSlot` (`InvoiceNum`, `ReserveID`, `CargoID`, `Cost`, `AstroID`, `Location`, `PortNum`, `StartDate`, `EndDate`, `StartTime`, `EndTime`) VALUES (842989, 606586, 2432, '6673054.7', 145281, 'Gislasonshire', 12, '1996-07-30', '2015-03-26', '02:26:03', '01:00:37');
INSERT INTO `ShipmentLaunchpadSlot` (`InvoiceNum`, `ReserveID`, `CargoID`, `Cost`, `AstroID`, `Location`, `PortNum`, `StartDate`, `EndDate`, `StartTime`, `EndTime`) VALUES (871027, 380265, 1714, '8931853.01', 145545, 'Dewayneview', 3, '1993-08-11', '2007-03-11', '09:03:32', '04:59:18');
INSERT INTO `ShipmentLaunchpadSlot` (`InvoiceNum`, `ReserveID`, `CargoID`, `Cost`, `AstroID`, `Location`, `PortNum`, `StartDate`, `EndDate`, `StartTime`, `EndTime`) VALUES (880098, 176611, 1225, '5428775.34', 145545, 'East Waino', 13, '2002-08-10', '1996-01-29', '06:04:44', '17:36:54');
INSERT INTO `ShipmentLaunchpadSlot` (`InvoiceNum`, `ReserveID`, `CargoID`, `Cost`, `AstroID`, `Location`, `PortNum`, `StartDate`, `EndDate`, `StartTime`, `EndTime`) VALUES (902752, 362306, 1672, '9853094.26', 143428, 'East Neoma', 7, '1994-03-13', '1982-09-13', '15:08:33', '12:15:41');
INSERT INTO `ShipmentLaunchpadSlot` (`InvoiceNum`, `ReserveID`, `CargoID`, `Cost`, `AstroID`, `Location`, `PortNum`, `StartDate`, `EndDate`, `StartTime`, `EndTime`) VALUES (912348, 590594, 2334, '4122286.71', 143428, 'Adamtown', 26, '2012-06-27', '1998-08-08', '17:25:11', '08:55:47');
INSERT INTO `ShipmentLaunchpadSlot` (`InvoiceNum`, `ReserveID`, `CargoID`, `Cost`, `AstroID`, `Location`, `PortNum`, `StartDate`, `EndDate`, `StartTime`, `EndTime`) VALUES (917434, 152323, 1112, '8085863.48', 135093, 'West Skylatown', 24, '2009-10-13', '2011-07-16', '15:30:31', '08:35:25');
INSERT INTO `ShipmentLaunchpadSlot` (`InvoiceNum`, `ReserveID`, `CargoID`, `Cost`, `AstroID`, `Location`, `PortNum`, `StartDate`, `EndDate`, `StartTime`, `EndTime`) VALUES (925351, 469776, 1843, '6396792.16', 166185, 'New Pamela', 18, '1977-03-25', '2001-10-09', '10:40:44', '05:42:52');


