#
# TABLE STRUCTURE FOR: Astronaut
#


INSERT INTO `Astronaut` (`AstroID`, `Name`) VALUES (104031, 'D\'angelo Hermiston');
INSERT INTO `Astronaut` (`AstroID`, `Name`) VALUES (106504, 'Tobin Ferry');
INSERT INTO `Astronaut` (`AstroID`, `Name`) VALUES (108918, 'Jevon Gislason');
INSERT INTO `Astronaut` (`AstroID`, `Name`) VALUES (109577, 'Talia Eichmann');
INSERT INTO `Astronaut` (`AstroID`, `Name`) VALUES (112379, 'Theodore Botsford');
INSERT INTO `Astronaut` (`AstroID`, `Name`) VALUES (113747, 'Summer Cassin');
INSERT INTO `Astronaut` (`AstroID`, `Name`) VALUES (116958, 'Tyree Turcotte');
INSERT INTO `Astronaut` (`AstroID`, `Name`) VALUES (117034, 'Prof. Nola Douglas');
INSERT INTO `Astronaut` (`AstroID`, `Name`) VALUES (117119, 'Dr. Madeline O\'Reilly IV');
INSERT INTO `Astronaut` (`AstroID`, `Name`) VALUES (122263, 'Maeve Mills');
INSERT INTO `Astronaut` (`AstroID`, `Name`) VALUES (122800, 'Prof. Shyann Vandervort');
INSERT INTO `Astronaut` (`AstroID`, `Name`) VALUES (125322, 'Scot O\'Conner');
INSERT INTO `Astronaut` (`AstroID`, `Name`) VALUES (131029, 'Dr. Faustino Mueller PhD');
INSERT INTO `Astronaut` (`AstroID`, `Name`) VALUES (131444, 'Prof. Fern Witting MD');
INSERT INTO `Astronaut` (`AstroID`, `Name`) VALUES (132664, 'Stefan Ullrich');
INSERT INTO `Astronaut` (`AstroID`, `Name`) VALUES (133957, 'Dr. Cary Medhurst');
INSERT INTO `Astronaut` (`AstroID`, `Name`) VALUES (138420, 'Corrine Bosco');
INSERT INTO `Astronaut` (`AstroID`, `Name`) VALUES (138424, 'Mrs. Genesis Berge');
INSERT INTO `Astronaut` (`AstroID`, `Name`) VALUES (138681, 'Rebekah Treutel');
INSERT INTO `Astronaut` (`AstroID`, `Name`) VALUES (141685, 'Prof. Thaddeus Fahey PhD');
INSERT INTO `Astronaut` (`AstroID`, `Name`) VALUES (141874, 'Ozella Lindgren');
INSERT INTO `Astronaut` (`AstroID`, `Name`) VALUES (143112, 'Marjory Schumm');
INSERT INTO `Astronaut` (`AstroID`, `Name`) VALUES (147234, 'Athena Koss Jr.');
INSERT INTO `Astronaut` (`AstroID`, `Name`) VALUES (149625, 'Mr. Shane Brakus');
INSERT INTO `Astronaut` (`AstroID`, `Name`) VALUES (151629, 'Dr. Adella Olson');
INSERT INTO `Astronaut` (`AstroID`, `Name`) VALUES (152500, 'Elsie Ruecker');
INSERT INTO `Astronaut` (`AstroID`, `Name`) VALUES (152612, 'Jett Hermiston PhD');
INSERT INTO `Astronaut` (`AstroID`, `Name`) VALUES (154476, 'Shyanne Mitchell');
INSERT INTO `Astronaut` (`AstroID`, `Name`) VALUES (155790, 'Eleazar Olson');
INSERT INTO `Astronaut` (`AstroID`, `Name`) VALUES (156758, 'Noble Herman DVM');
INSERT INTO `Astronaut` (`AstroID`, `Name`) VALUES (160902, 'Eudora Spencer');
INSERT INTO `Astronaut` (`AstroID`, `Name`) VALUES (163100, 'Ms. Marjolaine Kirlin');
INSERT INTO `Astronaut` (`AstroID`, `Name`) VALUES (165415, 'Mrs. Willie Cole');
INSERT INTO `Astronaut` (`AstroID`, `Name`) VALUES (165734, 'Evangeline Homenick');
INSERT INTO `Astronaut` (`AstroID`, `Name`) VALUES (171643, 'Myriam Lowe');
INSERT INTO `Astronaut` (`AstroID`, `Name`) VALUES (171672, 'Kristin Weissnat');
INSERT INTO `Astronaut` (`AstroID`, `Name`) VALUES (173383, 'Marshall Barton');
INSERT INTO `Astronaut` (`AstroID`, `Name`) VALUES (176832, 'Dr. Emelia Mills III');
INSERT INTO `Astronaut` (`AstroID`, `Name`) VALUES (178836, 'Sigmund Nader PhD');
INSERT INTO `Astronaut` (`AstroID`, `Name`) VALUES (180963, 'Prof. Raphael D\'Amore V');
INSERT INTO `Astronaut` (`AstroID`, `Name`) VALUES (184003, 'Gaetano Pagac');
INSERT INTO `Astronaut` (`AstroID`, `Name`) VALUES (195338, 'Rico Hermiston DVM');
INSERT INTO `Astronaut` (`AstroID`, `Name`) VALUES (195869, 'Carlie Howell');
INSERT INTO `Astronaut` (`AstroID`, `Name`) VALUES (196268, 'Mr. Zachary Armstrong III');
INSERT INTO `Astronaut` (`AstroID`, `Name`) VALUES (199971, 'Marianne Cummerata');
INSERT INTO `Astronaut` (`AstroID`, `Name`) VALUES (202049, 'Brandt Batz');
INSERT INTO `Astronaut` (`AstroID`, `Name`) VALUES (202815, 'Boyd Fisher');
INSERT INTO `Astronaut` (`AstroID`, `Name`) VALUES (205504, 'Dr. Brannon Gerlach II');
INSERT INTO `Astronaut` (`AstroID`, `Name`) VALUES (214311, 'Kellen Hills');
INSERT INTO `Astronaut` (`AstroID`, `Name`) VALUES (216853, 'Mr. Ronaldo Stoltenberg PhD');
INSERT INTO `Astronaut` (`AstroID`, `Name`) VALUES (217237, 'Abraham Cormier');
INSERT INTO `Astronaut` (`AstroID`, `Name`) VALUES (220342, 'Miss Mara Jacobi');
INSERT INTO `Astronaut` (`AstroID`, `Name`) VALUES (220412, 'Prince Swift');
INSERT INTO `Astronaut` (`AstroID`, `Name`) VALUES (222695, 'Dr. Melvina Sanford PhD');
INSERT INTO `Astronaut` (`AstroID`, `Name`) VALUES (225358, 'Mrs. Melyna Rau V');
INSERT INTO `Astronaut` (`AstroID`, `Name`) VALUES (227859, 'Karson DuBuque');
INSERT INTO `Astronaut` (`AstroID`, `Name`) VALUES (229877, 'Cathrine Runolfsson Sr.');
INSERT INTO `Astronaut` (`AstroID`, `Name`) VALUES (231207, 'Miss Bianka Herzog Jr.');
INSERT INTO `Astronaut` (`AstroID`, `Name`) VALUES (233147, 'Katherine Bashirian');
INSERT INTO `Astronaut` (`AstroID`, `Name`) VALUES (233369, 'Dock Shields');
INSERT INTO `Astronaut` (`AstroID`, `Name`) VALUES (239727, 'Violet Feest');
INSERT INTO `Astronaut` (`AstroID`, `Name`) VALUES (241102, 'Cole Green');
INSERT INTO `Astronaut` (`AstroID`, `Name`) VALUES (242224, 'Mr. Mustafa Rippin III');
INSERT INTO `Astronaut` (`AstroID`, `Name`) VALUES (243283, 'Hal Reilly');
INSERT INTO `Astronaut` (`AstroID`, `Name`) VALUES (243451, 'Hailey Metz');
INSERT INTO `Astronaut` (`AstroID`, `Name`) VALUES (245268, 'Mr. Dave Gibson II');
INSERT INTO `Astronaut` (`AstroID`, `Name`) VALUES (246816, 'Candice Leuschke II');
INSERT INTO `Astronaut` (`AstroID`, `Name`) VALUES (247704, 'Ofelia Kunde');
INSERT INTO `Astronaut` (`AstroID`, `Name`) VALUES (253879, 'Romaine Roberts');
INSERT INTO `Astronaut` (`AstroID`, `Name`) VALUES (258489, 'Eden Casper PhD');
INSERT INTO `Astronaut` (`AstroID`, `Name`) VALUES (259647, 'Ms. Ayana Dickens PhD');
INSERT INTO `Astronaut` (`AstroID`, `Name`) VALUES (261279, 'Dr. Jeramy Rohan MD');
INSERT INTO `Astronaut` (`AstroID`, `Name`) VALUES (262639, 'Miss Dayana Klein V');
INSERT INTO `Astronaut` (`AstroID`, `Name`) VALUES (263043, 'Prof. Romaine Gorczany III');
INSERT INTO `Astronaut` (`AstroID`, `Name`) VALUES (263942, 'Nedra Conroy');
INSERT INTO `Astronaut` (`AstroID`, `Name`) VALUES (264225, 'Dr. Abraham Gulgowski');
INSERT INTO `Astronaut` (`AstroID`, `Name`) VALUES (264228, 'Mario Considine III');
INSERT INTO `Astronaut` (`AstroID`, `Name`) VALUES (265847, 'Gwendolyn Wolf');
INSERT INTO `Astronaut` (`AstroID`, `Name`) VALUES (266377, 'Nolan Kautzer');
INSERT INTO `Astronaut` (`AstroID`, `Name`) VALUES (266702, 'Rowena Littel');
INSERT INTO `Astronaut` (`AstroID`, `Name`) VALUES (266931, 'Norberto Hermiston');
INSERT INTO `Astronaut` (`AstroID`, `Name`) VALUES (267436, 'Taya Lowe');
INSERT INTO `Astronaut` (`AstroID`, `Name`) VALUES (269397, 'Emmett Russel');
INSERT INTO `Astronaut` (`AstroID`, `Name`) VALUES (270615, 'Prof. Mafalda Kub Sr.');
INSERT INTO `Astronaut` (`AstroID`, `Name`) VALUES (271639, 'Eulah Pacocha');
INSERT INTO `Astronaut` (`AstroID`, `Name`) VALUES (274041, 'Prof. Efren Feest DDS');
INSERT INTO `Astronaut` (`AstroID`, `Name`) VALUES (275496, 'Carroll Bernier Jr.');
INSERT INTO `Astronaut` (`AstroID`, `Name`) VALUES (275638, 'Prof. Era Christiansen');
INSERT INTO `Astronaut` (`AstroID`, `Name`) VALUES (282564, 'Aliza Kuphal');
INSERT INTO `Astronaut` (`AstroID`, `Name`) VALUES (284384, 'Tavares Goldner');
INSERT INTO `Astronaut` (`AstroID`, `Name`) VALUES (285832, 'Caterina Gleason');
INSERT INTO `Astronaut` (`AstroID`, `Name`) VALUES (288081, 'Dr. Norbert Zulauf');
INSERT INTO `Astronaut` (`AstroID`, `Name`) VALUES (289896, 'Darrick Hills IV');
INSERT INTO `Astronaut` (`AstroID`, `Name`) VALUES (290224, 'Ansel Hamill');
INSERT INTO `Astronaut` (`AstroID`, `Name`) VALUES (292143, 'Amira Hilll IV');
INSERT INTO `Astronaut` (`AstroID`, `Name`) VALUES (294647, 'Dallas Boyer DDS');
INSERT INTO `Astronaut` (`AstroID`, `Name`) VALUES (295013, 'Mrs. Rosetta Kozey');
INSERT INTO `Astronaut` (`AstroID`, `Name`) VALUES (295429, 'Juliet Hickle');
INSERT INTO `Astronaut` (`AstroID`, `Name`) VALUES (297390, 'Demario West');
INSERT INTO `Astronaut` (`AstroID`, `Name`) VALUES (297951, 'Mr. Johnnie Powlowski Jr.');


#
# TABLE STRUCTURE FOR: Company
#


INSERT INTO `Company` (`CompanyID`, `Name`) VALUES (1121, 'Grant, Lindgren and Auer');
INSERT INTO `Company` (`CompanyID`, `Name`) VALUES (1234, 'Boehm-Hyatt');
INSERT INTO `Company` (`CompanyID`, `Name`) VALUES (1285, 'Goodwin, Rohan and Koelpin');
INSERT INTO `Company` (`CompanyID`, `Name`) VALUES (1291, 'Herman, Langworth and Aufderhar');
INSERT INTO `Company` (`CompanyID`, `Name`) VALUES (1323, 'Cormier, Cummings and Barrows');
INSERT INTO `Company` (`CompanyID`, `Name`) VALUES (1413, 'Kertzmann-Hoppe');
INSERT INTO `Company` (`CompanyID`, `Name`) VALUES (1533, 'Toy Inc');
INSERT INTO `Company` (`CompanyID`, `Name`) VALUES (1559, 'Bashirian, Gerlach and Hane');
INSERT INTO `Company` (`CompanyID`, `Name`) VALUES (1598, 'Brekke and Sons');
INSERT INTO `Company` (`CompanyID`, `Name`) VALUES (1624, 'Lockman PLC');
INSERT INTO `Company` (`CompanyID`, `Name`) VALUES (1762, 'Hettinger PLC');
INSERT INTO `Company` (`CompanyID`, `Name`) VALUES (1852, 'Collier, Littel and Kub');
INSERT INTO `Company` (`CompanyID`, `Name`) VALUES (1914, 'Osinski, Thompson and Jakubowski');
INSERT INTO `Company` (`CompanyID`, `Name`) VALUES (1922, 'Walter, Rohan and Bailey');
INSERT INTO `Company` (`CompanyID`, `Name`) VALUES (1974, 'Gaylord LLC');
INSERT INTO `Company` (`CompanyID`, `Name`) VALUES (1994, 'Gleason, Hessel and Graham');
INSERT INTO `Company` (`CompanyID`, `Name`) VALUES (2245, 'Tromp, Pollich and Swift');
INSERT INTO `Company` (`CompanyID`, `Name`) VALUES (2420, 'Champlin, Lind and Dibbert');
INSERT INTO `Company` (`CompanyID`, `Name`) VALUES (2643, 'Kohler, Gutmann and Carroll');
INSERT INTO `Company` (`CompanyID`, `Name`) VALUES (2815, 'Huels-Oberbrunner');
INSERT INTO `Company` (`CompanyID`, `Name`) VALUES (2944, 'Johns Ltd');
INSERT INTO `Company` (`CompanyID`, `Name`) VALUES (3047, 'Lakin-Kilback');
INSERT INTO `Company` (`CompanyID`, `Name`) VALUES (3181, 'Lakin, Durgan and Treutel');
INSERT INTO `Company` (`CompanyID`, `Name`) VALUES (3203, 'Bahringer-Ernser');
INSERT INTO `Company` (`CompanyID`, `Name`) VALUES (3290, 'Kohler Ltd');
INSERT INTO `Company` (`CompanyID`, `Name`) VALUES (3384, 'Oberbrunner Group');
INSERT INTO `Company` (`CompanyID`, `Name`) VALUES (3397, 'Renner LLC');
INSERT INTO `Company` (`CompanyID`, `Name`) VALUES (3631, 'Altenwerth, Block and Wehner');
INSERT INTO `Company` (`CompanyID`, `Name`) VALUES (3831, 'Heaney, Bednar and Block');
INSERT INTO `Company` (`CompanyID`, `Name`) VALUES (3890, 'Dibbert, Greenholt and Hagenes');
INSERT INTO `Company` (`CompanyID`, `Name`) VALUES (3901, 'Heaney, Jast and Torphy');
INSERT INTO `Company` (`CompanyID`, `Name`) VALUES (4038, 'Treutel-Marvin');
INSERT INTO `Company` (`CompanyID`, `Name`) VALUES (4084, 'Kessler-Blick');
INSERT INTO `Company` (`CompanyID`, `Name`) VALUES (4102, 'Beahan-Pouros');
INSERT INTO `Company` (`CompanyID`, `Name`) VALUES (4223, 'Ortiz, Heidenreich and Deckow');
INSERT INTO `Company` (`CompanyID`, `Name`) VALUES (4230, 'Jakubowski-O\'Kon');
INSERT INTO `Company` (`CompanyID`, `Name`) VALUES (4350, 'Zemlak Inc');
INSERT INTO `Company` (`CompanyID`, `Name`) VALUES (4488, 'Ryan Ltd');
INSERT INTO `Company` (`CompanyID`, `Name`) VALUES (4629, 'Harber-Heathcote');
INSERT INTO `Company` (`CompanyID`, `Name`) VALUES (4644, 'Mann LLC');
INSERT INTO `Company` (`CompanyID`, `Name`) VALUES (4744, 'Stamm and Sons');
INSERT INTO `Company` (`CompanyID`, `Name`) VALUES (4758, 'Huels Ltd');
INSERT INTO `Company` (`CompanyID`, `Name`) VALUES (4865, 'Fisher-Balistreri');
INSERT INTO `Company` (`CompanyID`, `Name`) VALUES (4973, 'Gibson and Sons');
INSERT INTO `Company` (`CompanyID`, `Name`) VALUES (5128, 'Boyle, Balistreri and Grant');
INSERT INTO `Company` (`CompanyID`, `Name`) VALUES (5291, 'Mills, Smith and Kuhn');
INSERT INTO `Company` (`CompanyID`, `Name`) VALUES (5306, 'Haag Ltd');
INSERT INTO `Company` (`CompanyID`, `Name`) VALUES (5391, 'Jerde, Rippin and Smitham');
INSERT INTO `Company` (`CompanyID`, `Name`) VALUES (5479, 'Nader-Franecki');
INSERT INTO `Company` (`CompanyID`, `Name`) VALUES (5504, 'Grant-Fahey');
INSERT INTO `Company` (`CompanyID`, `Name`) VALUES (5510, 'Fisher, Sauer and Bahringer');
INSERT INTO `Company` (`CompanyID`, `Name`) VALUES (5527, 'Gerlach LLC');
INSERT INTO `Company` (`CompanyID`, `Name`) VALUES (5693, 'Gerhold, Smitham and Heller');
INSERT INTO `Company` (`CompanyID`, `Name`) VALUES (5701, 'McClure-Cormier');
INSERT INTO `Company` (`CompanyID`, `Name`) VALUES (5740, 'Kuhlman PLC');
INSERT INTO `Company` (`CompanyID`, `Name`) VALUES (5840, 'Streich, Harris and Donnelly');
INSERT INTO `Company` (`CompanyID`, `Name`) VALUES (5845, 'Volkman, Carroll and Skiles');
INSERT INTO `Company` (`CompanyID`, `Name`) VALUES (5911, 'Hintz-Williamson');
INSERT INTO `Company` (`CompanyID`, `Name`) VALUES (6019, 'Ryan-Towne');
INSERT INTO `Company` (`CompanyID`, `Name`) VALUES (6524, 'Schoen Ltd');
INSERT INTO `Company` (`CompanyID`, `Name`) VALUES (6583, 'Krajcik, Cummerata and Cremin');
INSERT INTO `Company` (`CompanyID`, `Name`) VALUES (6709, 'Marquardt and Sons');
INSERT INTO `Company` (`CompanyID`, `Name`) VALUES (6803, 'Labadie-Bergstrom');
INSERT INTO `Company` (`CompanyID`, `Name`) VALUES (6817, 'Stehr, Tremblay and Glover');
INSERT INTO `Company` (`CompanyID`, `Name`) VALUES (7229, 'Kassulke Group');
INSERT INTO `Company` (`CompanyID`, `Name`) VALUES (7321, 'Altenwerth Group');
INSERT INTO `Company` (`CompanyID`, `Name`) VALUES (7372, 'Sporer, Fadel and Schultz');
INSERT INTO `Company` (`CompanyID`, `Name`) VALUES (7380, 'Mayer Ltd');
INSERT INTO `Company` (`CompanyID`, `Name`) VALUES (7431, 'Corwin and Sons');
INSERT INTO `Company` (`CompanyID`, `Name`) VALUES (7467, 'Kihn, Mosciski and Williamson');
INSERT INTO `Company` (`CompanyID`, `Name`) VALUES (7573, 'Luettgen-Ledner');
INSERT INTO `Company` (`CompanyID`, `Name`) VALUES (7783, 'Bogan Inc');
INSERT INTO `Company` (`CompanyID`, `Name`) VALUES (7899, 'Bednar, White and Runte');
INSERT INTO `Company` (`CompanyID`, `Name`) VALUES (7907, 'Powlowski Inc');
INSERT INTO `Company` (`CompanyID`, `Name`) VALUES (8026, 'Kuvalis, Bogisich and Medhurst');
INSERT INTO `Company` (`CompanyID`, `Name`) VALUES (8055, 'Larson, Hessel and Farrell');
INSERT INTO `Company` (`CompanyID`, `Name`) VALUES (8091, 'Lehner, Carroll and Schroeder');
INSERT INTO `Company` (`CompanyID`, `Name`) VALUES (8097, 'Schmitt, Cremin and Cummerata');
INSERT INTO `Company` (`CompanyID`, `Name`) VALUES (8239, 'Herman, Zulauf and Bins');
INSERT INTO `Company` (`CompanyID`, `Name`) VALUES (8260, 'Nienow-Jast');
INSERT INTO `Company` (`CompanyID`, `Name`) VALUES (8261, 'Turcotte Ltd');
INSERT INTO `Company` (`CompanyID`, `Name`) VALUES (8359, 'Predovic, Gaylord and D\'Amore');
INSERT INTO `Company` (`CompanyID`, `Name`) VALUES (8371, 'Labadie LLC');
INSERT INTO `Company` (`CompanyID`, `Name`) VALUES (8416, 'Baumbach, Kutch and Johns');
INSERT INTO `Company` (`CompanyID`, `Name`) VALUES (8427, 'Herman, Jones and Murray');
INSERT INTO `Company` (`CompanyID`, `Name`) VALUES (8457, 'Kassulke PLC');
INSERT INTO `Company` (`CompanyID`, `Name`) VALUES (8461, 'Jacobson-Blick');
INSERT INTO `Company` (`CompanyID`, `Name`) VALUES (8701, 'Kulas-Heidenreich');
INSERT INTO `Company` (`CompanyID`, `Name`) VALUES (8771, 'Auer, Zieme and Schamberger');
INSERT INTO `Company` (`CompanyID`, `Name`) VALUES (8838, 'Kilback, Dooley and Dare');
INSERT INTO `Company` (`CompanyID`, `Name`) VALUES (8881, 'Rowe, Schiller and Zemlak');
INSERT INTO `Company` (`CompanyID`, `Name`) VALUES (9116, 'Abshire Inc');
INSERT INTO `Company` (`CompanyID`, `Name`) VALUES (9271, 'Stoltenberg and Sons');
INSERT INTO `Company` (`CompanyID`, `Name`) VALUES (9298, 'Hahn, Orn and Herman');
INSERT INTO `Company` (`CompanyID`, `Name`) VALUES (9329, 'Kilback Group');
INSERT INTO `Company` (`CompanyID`, `Name`) VALUES (9515, 'Johnson-Cummings');
INSERT INTO `Company` (`CompanyID`, `Name`) VALUES (9574, 'Schumm Inc');
INSERT INTO `Company` (`CompanyID`, `Name`) VALUES (9596, 'Sanford, Frami and Frami');
INSERT INTO `Company` (`CompanyID`, `Name`) VALUES (9717, 'Jast Ltd');
INSERT INTO `Company` (`CompanyID`, `Name`) VALUES (9851, 'Maggio Inc');


#
# TABLE STRUCTURE FOR: Crew
#


INSERT INTO `Crew` (`AstroID`, `CompanyID`) VALUES (104031, 1234);

INSERT INTO `Crew` (`AstroID`, `CompanyID`) VALUES (108918, 1234);

INSERT INTO `Crew` (`AstroID`, `CompanyID`) VALUES (109577, 1234);

INSERT INTO `Crew` (`AstroID`, `CompanyID`) VALUES (112379, 1234);

INSERT INTO `Crew` (`AstroID`, `CompanyID`) VALUES (113747, 1234);

INSERT INTO `Crew` (`AstroID`, `CompanyID`) VALUES (116958, 1234);

INSERT INTO `Crew` (`AstroID`, `CompanyID`) VALUES (117034, 1234);

INSERT INTO `Crew` (`AstroID`, `CompanyID`) VALUES (117119, 1234);

INSERT INTO `Crew` (`AstroID`, `CompanyID`) VALUES (106504, 1234);
INSERT INTO `Crew` (`AstroID`, `CompanyID`) VALUES (122263, 1624);
INSERT INTO `Crew` (`AstroID`, `CompanyID`) VALUES (122800, 1762);
INSERT INTO `Crew` (`AstroID`, `CompanyID`) VALUES (125322, 1852);
INSERT INTO `Crew` (`AstroID`, `CompanyID`) VALUES (131029, 1914);
INSERT INTO `Crew` (`AstroID`, `CompanyID`) VALUES (131444, 1922);
INSERT INTO `Crew` (`AstroID`, `CompanyID`) VALUES (132664, 1974);
INSERT INTO `Crew` (`AstroID`, `CompanyID`) VALUES (133957, 1994);
INSERT INTO `Crew` (`AstroID`, `CompanyID`) VALUES (138420, 2245);
INSERT INTO `Crew` (`AstroID`, `CompanyID`) VALUES (138424, 2420);
INSERT INTO `Crew` (`AstroID`, `CompanyID`) VALUES (138681, 2643);
INSERT INTO `Crew` (`AstroID`, `CompanyID`) VALUES (141685, 2815);
INSERT INTO `Crew` (`AstroID`, `CompanyID`) VALUES (141874, 2944);
INSERT INTO `Crew` (`AstroID`, `CompanyID`) VALUES (143112, 3047);
INSERT INTO `Crew` (`AstroID`, `CompanyID`) VALUES (147234, 3181);
INSERT INTO `Crew` (`AstroID`, `CompanyID`) VALUES (149625, 3203);
INSERT INTO `Crew` (`AstroID`, `CompanyID`) VALUES (151629, 3290);
INSERT INTO `Crew` (`AstroID`, `CompanyID`) VALUES (152500, 3384);
INSERT INTO `Crew` (`AstroID`, `CompanyID`) VALUES (152612, 3397);
INSERT INTO `Crew` (`AstroID`, `CompanyID`) VALUES (154476, 3631);
INSERT INTO `Crew` (`AstroID`, `CompanyID`) VALUES (155790, 3831);
INSERT INTO `Crew` (`AstroID`, `CompanyID`) VALUES (156758, 3890);
INSERT INTO `Crew` (`AstroID`, `CompanyID`) VALUES (160902, 3901);
INSERT INTO `Crew` (`AstroID`, `CompanyID`) VALUES (163100, 4038);
INSERT INTO `Crew` (`AstroID`, `CompanyID`) VALUES (165415, 4084);
INSERT INTO `Crew` (`AstroID`, `CompanyID`) VALUES (165734, 4102);
INSERT INTO `Crew` (`AstroID`, `CompanyID`) VALUES (171643, 4223);
INSERT INTO `Crew` (`AstroID`, `CompanyID`) VALUES (171672, 4230);
INSERT INTO `Crew` (`AstroID`, `CompanyID`) VALUES (173383, 4350);
INSERT INTO `Crew` (`AstroID`, `CompanyID`) VALUES (176832, 4488);
INSERT INTO `Crew` (`AstroID`, `CompanyID`) VALUES (178836, 4629);
INSERT INTO `Crew` (`AstroID`, `CompanyID`) VALUES (180963, 4644);

#
# TABLE STRUCTURE FOR: Rocket
#

INSERT INTO `Rocket` (`RocketID`, `Model`, `Capacity`, `CompanyID`) VALUES (14286, '#003399', '55855.75', 4865);
INSERT INTO `Rocket` (`RocketID`, `Model`, `Capacity`, `CompanyID`) VALUES (19085, '#002288', '55411.38', 4865);
INSERT INTO `Rocket` (`RocketID`, `Model`, `Capacity`, `CompanyID`) VALUES (19383, '#0099ee', '35060.5', 4865);
INSERT INTO `Rocket` (`RocketID`, `Model`, `Capacity`, `CompanyID`) VALUES (20711, '#00ee00', '88856.7', 4865);
INSERT INTO `Rocket` (`RocketID`, `Model`, `Capacity`, `CompanyID`) VALUES (24345, '#0044cc', '101269.52', 4865);
INSERT INTO `Rocket` (`RocketID`, `Model`, `Capacity`, `CompanyID`) VALUES (26815, '#002266', '77160.55', 3203);
INSERT INTO `Rocket` (`RocketID`, `Model`, `Capacity`, `CompanyID`) VALUES (42061, '#000066', '102901.88', 7229);
INSERT INTO `Rocket` (`RocketID`, `Model`, `Capacity`, `CompanyID`) VALUES (45441, '#008800', '107631.13', 8881);
INSERT INTO `Rocket` (`RocketID`, `Model`, `Capacity`, `CompanyID`) VALUES (46574, '#0077dd', '24802.78', 5845);
INSERT INTO `Rocket` (`RocketID`, `Model`, `Capacity`, `CompanyID`) VALUES (52368, '#00aaaa', '101597.75', 6817);
INSERT INTO `Rocket` (`RocketID`, `Model`, `Capacity`, `CompanyID`) VALUES (59199, '#008855', '20611.65', 3047);
INSERT INTO `Rocket` (`RocketID`, `Model`, `Capacity`, `CompanyID`) VALUES (78688, '#00bb77', '113972.29', 9515);
INSERT INTO `Rocket` (`RocketID`, `Model`, `Capacity`, `CompanyID`) VALUES (85597, '#00ffff', '24295.5', 3384);
INSERT INTO `Rocket` (`RocketID`, `Model`, `Capacity`, `CompanyID`) VALUES (86690, '#00bbff', '110419.72', 8427);
INSERT INTO `Rocket` (`RocketID`, `Model`, `Capacity`, `CompanyID`) VALUES (102821, '#00ffdd', '20346.85', 8097);
INSERT INTO `Rocket` (`RocketID`, `Model`, `Capacity`, `CompanyID`) VALUES (106571, '#009900', '55702.56', 2245);
INSERT INTO `Rocket` (`RocketID`, `Model`, `Capacity`, `CompanyID`) VALUES (111131, '#007722', '38120.59', 8701);
INSERT INTO `Rocket` (`RocketID`, `Model`, `Capacity`, `CompanyID`) VALUES (115938, '#006688', '28057.07', 8091);
INSERT INTO `Rocket` (`RocketID`, `Model`, `Capacity`, `CompanyID`) VALUES (118425, '#00aa66', '33075.24', 8461);
INSERT INTO `Rocket` (`RocketID`, `Model`, `Capacity`, `CompanyID`) VALUES (123330, '#0033dd', '9026.89', 8771);
INSERT INTO `Rocket` (`RocketID`, `Model`, `Capacity`, `CompanyID`) VALUES (133474, '#0033bb', '129469.89', 4744);
INSERT INTO `Rocket` (`RocketID`, `Model`, `Capacity`, `CompanyID`) VALUES (153985, '#00ee88', '67188.67', 6709);
INSERT INTO `Rocket` (`RocketID`, `Model`, `Capacity`, `CompanyID`) VALUES (157369, '#00bbff', '108038.54', 1121);
INSERT INTO `Rocket` (`RocketID`, `Model`, `Capacity`, `CompanyID`) VALUES (163077, '#00bb44', '98431.69', 5840);
INSERT INTO `Rocket` (`RocketID`, `Model`, `Capacity`, `CompanyID`) VALUES (164398, '#0099cc', '31596.87', 7783);
INSERT INTO `Rocket` (`RocketID`, `Model`, `Capacity`, `CompanyID`) VALUES (166678, '#00bb11', '33460.74', 3290);
INSERT INTO `Rocket` (`RocketID`, `Model`, `Capacity`, `CompanyID`) VALUES (172905, '#005544', '83570.81', 9116);
INSERT INTO `Rocket` (`RocketID`, `Model`, `Capacity`, `CompanyID`) VALUES (176713, '#00ffee', '55074.12', 4973);
INSERT INTO `Rocket` (`RocketID`, `Model`, `Capacity`, `CompanyID`) VALUES (178660, '#000022', '91612.22', 9851);
INSERT INTO `Rocket` (`RocketID`, `Model`, `Capacity`, `CompanyID`) VALUES (179299, '#00cc99', '125868.53', 8359);
INSERT INTO `Rocket` (`RocketID`, `Model`, `Capacity`, `CompanyID`) VALUES (187983, '#00ffcc', '65045.13', 3901);
INSERT INTO `Rocket` (`RocketID`, `Model`, `Capacity`, `CompanyID`) VALUES (188318, '#00bb33', '3002.11', 5479);
INSERT INTO `Rocket` (`RocketID`, `Model`, `Capacity`, `CompanyID`) VALUES (190044, '#0022bb', '94925.02', 7431);
INSERT INTO `Rocket` (`RocketID`, `Model`, `Capacity`, `CompanyID`) VALUES (200283, '#0033cc', '2289.98', 4102);
INSERT INTO `Rocket` (`RocketID`, `Model`, `Capacity`, `CompanyID`) VALUES (215064, '#000000', '83275.26', 4230);
INSERT INTO `Rocket` (`RocketID`, `Model`, `Capacity`, `CompanyID`) VALUES (217220, '#0088dd', '53665.72', 8055);
INSERT INTO `Rocket` (`RocketID`, `Model`, `Capacity`, `CompanyID`) VALUES (223942, '#00dd55', '104486.3', 5291);
INSERT INTO `Rocket` (`RocketID`, `Model`, `Capacity`, `CompanyID`) VALUES (225193, '#0077dd', '89455.79', 5504);
INSERT INTO `Rocket` (`RocketID`, `Model`, `Capacity`, `CompanyID`) VALUES (225268, '#00dd33', '119128.65', 3631);
INSERT INTO `Rocket` (`RocketID`, `Model`, `Capacity`, `CompanyID`) VALUES (227291, '#00aa44', '34803.41', 1994);
INSERT INTO `Rocket` (`RocketID`, `Model`, `Capacity`, `CompanyID`) VALUES (228521, '#00aa44', '22543.22', 8416);
INSERT INTO `Rocket` (`RocketID`, `Model`, `Capacity`, `CompanyID`) VALUES (228723, '#00aa11', '102976.78', 3181);
INSERT INTO `Rocket` (`RocketID`, `Model`, `Capacity`, `CompanyID`) VALUES (229352, '#0066dd', '31235.89', 3397);
INSERT INTO `Rocket` (`RocketID`, `Model`, `Capacity`, `CompanyID`) VALUES (231126, '#00cc55', '32869.16', 6583);
INSERT INTO `Rocket` (`RocketID`, `Model`, `Capacity`, `CompanyID`) VALUES (241241, '#000066', '15703.98', 9717);
INSERT INTO `Rocket` (`RocketID`, `Model`, `Capacity`, `CompanyID`) VALUES (242970, '#00ddff', '1816.13', 8457);
INSERT INTO `Rocket` (`RocketID`, `Model`, `Capacity`, `CompanyID`) VALUES (244260, '#00aa44', '83210.72', 1285);
INSERT INTO `Rocket` (`RocketID`, `Model`, `Capacity`, `CompanyID`) VALUES (252122, '#00cccc', '136639.31', 1559);
INSERT INTO `Rocket` (`RocketID`, `Model`, `Capacity`, `CompanyID`) VALUES (261908, '#001199', '115369.49', 1234);
INSERT INTO `Rocket` (`RocketID`, `Model`, `Capacity`, `CompanyID`) VALUES (269975, '#00ccff', '78367.29', 1914);
INSERT INTO `Rocket` (`RocketID`, `Model`, `Capacity`, `CompanyID`) VALUES (272777, '#0088dd', '134808.52', 5740);
INSERT INTO `Rocket` (`RocketID`, `Model`, `Capacity`, `CompanyID`) VALUES (273890, '#008877', '35528.07', 7321);
INSERT INTO `Rocket` (`RocketID`, `Model`, `Capacity`, `CompanyID`) VALUES (289661, '#002299', '129521.12', 5391);
INSERT INTO `Rocket` (`RocketID`, `Model`, `Capacity`, `CompanyID`) VALUES (292877, '#00aa00', '112846.28', 4644);
INSERT INTO `Rocket` (`RocketID`, `Model`, `Capacity`, `CompanyID`) VALUES (296339, '#00aacc', '78773.16', 5693);
INSERT INTO `Rocket` (`RocketID`, `Model`, `Capacity`, `CompanyID`) VALUES (297866, '#0000cc', '74705.54', 4629);
INSERT INTO `Rocket` (`RocketID`, `Model`, `Capacity`, `CompanyID`) VALUES (309031, '#00cc55', '91755.74', 5701);
INSERT INTO `Rocket` (`RocketID`, `Model`, `Capacity`, `CompanyID`) VALUES (310251, '#0099ff', '120399.35', 4350);
INSERT INTO `Rocket` (`RocketID`, `Model`, `Capacity`, `CompanyID`) VALUES (311027, '#00ff33', '91162.18', 7372);
INSERT INTO `Rocket` (`RocketID`, `Model`, `Capacity`, `CompanyID`) VALUES (313789, '#0099ff', '43628.87', 2944);
INSERT INTO `Rocket` (`RocketID`, `Model`, `Capacity`, `CompanyID`) VALUES (314448, '#00ee77', '48362.6', 3890);
INSERT INTO `Rocket` (`RocketID`, `Model`, `Capacity`, `CompanyID`) VALUES (319786, '#002200', '115086.46', 6524);
INSERT INTO `Rocket` (`RocketID`, `Model`, `Capacity`, `CompanyID`) VALUES (321421, '#0000bb', '20364.27', 8239);
INSERT INTO `Rocket` (`RocketID`, `Model`, `Capacity`, `CompanyID`) VALUES (322874, '#00aabb', '122826.41', 1852);
INSERT INTO `Rocket` (`RocketID`, `Model`, `Capacity`, `CompanyID`) VALUES (324415, '#000033', '20494.44', 1413);
INSERT INTO `Rocket` (`RocketID`, `Model`, `Capacity`, `CompanyID`) VALUES (326153, '#0088ff', '76688.13', 4223);
INSERT INTO `Rocket` (`RocketID`, `Model`, `Capacity`, `CompanyID`) VALUES (326344, '#00cc22', '120977.06', 8371);
INSERT INTO `Rocket` (`RocketID`, `Model`, `Capacity`, `CompanyID`) VALUES (327407, '#00ccdd', '29587.47', 7899);
INSERT INTO `Rocket` (`RocketID`, `Model`, `Capacity`, `CompanyID`) VALUES (328396, '#0088aa', '63199.75', 7467);
INSERT INTO `Rocket` (`RocketID`, `Model`, `Capacity`, `CompanyID`) VALUES (344307, '#0066bb', '22903.32', 1598);
INSERT INTO `Rocket` (`RocketID`, `Model`, `Capacity`, `CompanyID`) VALUES (350423, '#000088', '109196.96', 1624);
INSERT INTO `Rocket` (`RocketID`, `Model`, `Capacity`, `CompanyID`) VALUES (361937, '#001122', '79433.16', 1323);
INSERT INTO `Rocket` (`RocketID`, `Model`, `Capacity`, `CompanyID`) VALUES (363153, '#00ee66', '131507.66', 5306);
INSERT INTO `Rocket` (`RocketID`, `Model`, `Capacity`, `CompanyID`) VALUES (368808, '#0033dd', '63727.09', 5911);
INSERT INTO `Rocket` (`RocketID`, `Model`, `Capacity`, `CompanyID`) VALUES (377666, '#002200', '122758.8', 5510);
INSERT INTO `Rocket` (`RocketID`, `Model`, `Capacity`, `CompanyID`) VALUES (378632, '#006644', '134313.99', 7380);
INSERT INTO `Rocket` (`RocketID`, `Model`, `Capacity`, `CompanyID`) VALUES (379285, '#00eeee', '50419.49', 5128);
INSERT INTO `Rocket` (`RocketID`, `Model`, `Capacity`, `CompanyID`) VALUES (380268, '#002299', '122000.13', 7907);
INSERT INTO `Rocket` (`RocketID`, `Model`, `Capacity`, `CompanyID`) VALUES (384522, '#00ff22', '23205.78', 8260);
INSERT INTO `Rocket` (`RocketID`, `Model`, `Capacity`, `CompanyID`) VALUES (395514, '#00bb44', '125117.92', 1762);
INSERT INTO `Rocket` (`RocketID`, `Model`, `Capacity`, `CompanyID`) VALUES (410392, '#00eeff', '89059.45', 2420);
INSERT INTO `Rocket` (`RocketID`, `Model`, `Capacity`, `CompanyID`) VALUES (413077, '#002288', '121843.32', 1922);
INSERT INTO `Rocket` (`RocketID`, `Model`, `Capacity`, `CompanyID`) VALUES (417581, '#00ff00', '73876.84', 7573);
INSERT INTO `Rocket` (`RocketID`, `Model`, `Capacity`, `CompanyID`) VALUES (417934, '#0022bb', '130473.24', 9596);
INSERT INTO `Rocket` (`RocketID`, `Model`, `Capacity`, `CompanyID`) VALUES (421538, '#0000ee', '1998.53', 8261);
INSERT INTO `Rocket` (`RocketID`, `Model`, `Capacity`, `CompanyID`) VALUES (425652, '#0011ee', '5081.39', 9329);
INSERT INTO `Rocket` (`RocketID`, `Model`, `Capacity`, `CompanyID`) VALUES (439329, '#00ee66', '99288.8', 2815);
INSERT INTO `Rocket` (`RocketID`, `Model`, `Capacity`, `CompanyID`) VALUES (439673, '#00cc22', '38766.92', 3831);
INSERT INTO `Rocket` (`RocketID`, `Model`, `Capacity`, `CompanyID`) VALUES (440380, '#0022bb', '31926.31', 1291);
INSERT INTO `Rocket` (`RocketID`, `Model`, `Capacity`, `CompanyID`) VALUES (441863, '#004455', '9842.76', 6803);
INSERT INTO `Rocket` (`RocketID`, `Model`, `Capacity`, `CompanyID`) VALUES (446123, '#006600', '88694.27', 9271);
INSERT INTO `Rocket` (`RocketID`, `Model`, `Capacity`, `CompanyID`) VALUES (452161, '#007711', '135855.4', 4758);
INSERT INTO `Rocket` (`RocketID`, `Model`, `Capacity`, `CompanyID`) VALUES (454526, '#009933', '43831.62', 4038);
INSERT INTO `Rocket` (`RocketID`, `Model`, `Capacity`, `CompanyID`) VALUES (457639, '#005577', '37511.92', 4084);
INSERT INTO `Rocket` (`RocketID`, `Model`, `Capacity`, `CompanyID`) VALUES (471678, '#004466', '74168.99', 5527);
INSERT INTO `Rocket` (`RocketID`, `Model`, `Capacity`, `CompanyID`) VALUES (474873, '#00aa44', '59874.91', 1533);
INSERT INTO `Rocket` (`RocketID`, `Model`, `Capacity`, `CompanyID`) VALUES (478397, '#00aabb', '105542.06', 9298);
INSERT INTO `Rocket` (`RocketID`, `Model`, `Capacity`, `CompanyID`) VALUES (480724, '#0000ff', '25723.39', 2643);
INSERT INTO `Rocket` (`RocketID`, `Model`, `Capacity`, `CompanyID`) VALUES (481631, '#00eeff', '34758.97', 9574);
INSERT INTO `Rocket` (`RocketID`, `Model`, `Capacity`, `CompanyID`) VALUES (483001, '#00dd33', '49647.24', 1974);

#
# TABLE STRUCTURE FOR: Reservation
#

INSERT INTO `Reservation` (`ReserveID`, `RequestedDate`, `Destination`, `CompanyID`, `RocketID`) VALUES (103436, '2017-02-20', 'MarsCity', 9329, 471678);
INSERT INTO `Reservation` (`ReserveID`, `RequestedDate`, `Destination`, `CompanyID`, `RocketID`) VALUES (104568, '2008-07-31', 'MarsCity', 8457, 425652);
INSERT INTO `Reservation` (`ReserveID`, `RequestedDate`, `Destination`, `CompanyID`, `RocketID`) VALUES (105576, '1992-07-24', 'MarsCity', 7907, 368808);
INSERT INTO `Reservation` (`ReserveID`, `RequestedDate`, `Destination`, `CompanyID`, `RocketID`) VALUES (108400, '2008-01-25', 'Ghana', 3290, 164398);
INSERT INTO `Reservation` (`ReserveID`, `RequestedDate`, `Destination`, `CompanyID`, `RocketID`) VALUES (111110, '1972-04-08', 'Algeria', 5479, 261908);
INSERT INTO `Reservation` (`ReserveID`, `RequestedDate`, `Destination`, `CompanyID`, `RocketID`) VALUES (114790, '1995-05-23', 'Gabon', 3384, 166678);
INSERT INTO `Reservation` (`ReserveID`, `RequestedDate`, `Destination`, `CompanyID`, `RocketID`) VALUES (117979, '1971-11-23', 'Slovakia (Slovak Republic)', 8261, 410392);
INSERT INTO `Reservation` (`ReserveID`, `RequestedDate`, `Destination`, `CompanyID`, `RocketID`) VALUES (121557, '1997-11-24', 'MarsCity', 8701, 439673);
INSERT INTO `Reservation` (`ReserveID`, `RequestedDate`, `Destination`, `CompanyID`, `RocketID`) VALUES (122618, '1979-09-28', 'MarsCity', 3901, 187983);
INSERT INTO `Reservation` (`ReserveID`, `RequestedDate`, `Destination`, `CompanyID`, `RocketID`) VALUES (126582, '1974-12-10', 'Paraguay', 2815, 123330);
INSERT INTO `Reservation` (`ReserveID`, `RequestedDate`, `Destination`, `CompanyID`, `RocketID`) VALUES (127819, '1986-05-19', 'Svalbard & Jan Mayen Islands', 5291, 242970);
INSERT INTO `Reservation` (`ReserveID`, `RequestedDate`, `Destination`, `CompanyID`, `RocketID`) VALUES (129125, '1974-01-04', 'MarsCity', 4973, 231126);
INSERT INTO `Reservation` (`ReserveID`, `RequestedDate`, `Destination`, `CompanyID`, `RocketID`) VALUES (133780, '2000-11-12', 'Bolivia', 3831, 178660);
INSERT INTO `Reservation` (`ReserveID`, `RequestedDate`, `Destination`, `CompanyID`, `RocketID`) VALUES (136248, '2014-10-14', 'Guyana', 4865, 229352);
INSERT INTO `Reservation` (`ReserveID`, `RequestedDate`, `Destination`, `CompanyID`, `RocketID`) VALUES (138056, '1986-05-30', 'Turks and Caicos Islands', 4102, 200283);
INSERT INTO `Reservation` (`ReserveID`, `RequestedDate`, `Destination`, `CompanyID`, `RocketID`) VALUES (139757, '2016-09-16', 'Spain', 4084, 190044);
INSERT INTO `Reservation` (`ReserveID`, `RequestedDate`, `Destination`, `CompanyID`, `RocketID`) VALUES (141121, '1983-02-12', 'MarsCity', 5911, 310251);
INSERT INTO `Reservation` (`ReserveID`, `RequestedDate`, `Destination`, `CompanyID`, `RocketID`) VALUES (141559, '2018-01-17', 'Hungary', 1559, 45441);
INSERT INTO `Reservation` (`ReserveID`, `RequestedDate`, `Destination`, `CompanyID`, `RocketID`) VALUES (144670, '2007-10-16', 'MarsCity', 1323, 24345);
INSERT INTO `Reservation` (`ReserveID`, `RequestedDate`, `Destination`, `CompanyID`, `RocketID`) VALUES (145719, '1986-12-15', 'Samoa', 5740, 296339);
INSERT INTO `Reservation` (`ReserveID`, `RequestedDate`, `Destination`, `CompanyID`, `RocketID`) VALUES (146607, '1985-12-22', 'MarsCity', 3047, 153985);
INSERT INTO `Reservation` (`ReserveID`, `RequestedDate`, `Destination`, `CompanyID`, `RocketID`) VALUES (148859, '2015-04-14', 'Croatia', 5128, 241241);
INSERT INTO `Reservation` (`ReserveID`, `RequestedDate`, `Destination`, `CompanyID`, `RocketID`) VALUES (149689, '1988-08-31', 'Iraq', 3397, 172905);
INSERT INTO `Reservation` (`ReserveID`, `RequestedDate`, `Destination`, `CompanyID`, `RocketID`) VALUES (155166, '2018-01-17', 'Guyana', 6803, 321421);
INSERT INTO `Reservation` (`ReserveID`, `RequestedDate`, `Destination`, `CompanyID`, `RocketID`) VALUES (155700, '1984-09-06', 'Central African Republic', 6583, 314448);
INSERT INTO `Reservation` (`ReserveID`, `RequestedDate`, `Destination`, `CompanyID`, `RocketID`) VALUES (158022, '1997-11-27', 'Cocos (Keeling) Islands', 4644, 227291);
INSERT INTO `Reservation` (`ReserveID`, `RequestedDate`, `Destination`, `CompanyID`, `RocketID`) VALUES (158216, '2012-03-14', 'India', 8371, 417581);
INSERT INTO `Reservation` (`ReserveID`, `RequestedDate`, `Destination`, `CompanyID`, `RocketID`) VALUES (162431, '1981-01-25', 'Malawi', 1121, 14286);
INSERT INTO `Reservation` (`ReserveID`, `RequestedDate`, `Destination`, `CompanyID`, `RocketID`) VALUES (177474, '2017-05-16', 'MarsCity', 1852, 78688);
INSERT INTO `Reservation` (`ReserveID`, `RequestedDate`, `Destination`, `CompanyID`, `RocketID`) VALUES (180741, '2015-01-26', 'Panama', 5510, 272777);
INSERT INTO `Reservation` (`ReserveID`, `RequestedDate`, `Destination`, `CompanyID`, `RocketID`) VALUES (182575, '2000-07-01', 'Bhutan', 7783, 361937);
INSERT INTO `Reservation` (`ReserveID`, `RequestedDate`, `Destination`, `CompanyID`, `RocketID`) VALUES (182807, '1973-02-14', 'Netherlands Antilles', 8359, 413077);
INSERT INTO `Reservation` (`ReserveID`, `RequestedDate`, `Destination`, `CompanyID`, `RocketID`) VALUES (192702, '2005-10-27', 'Wallis and Futuna', 8239, 384522);
INSERT INTO `Reservation` (`ReserveID`, `RequestedDate`, `Destination`, `CompanyID`, `RocketID`) VALUES (194138, '1989-11-23', 'Spain', 9717, 481631);
INSERT INTO `Reservation` (`ReserveID`, `RequestedDate`, `Destination`, `CompanyID`, `RocketID`) VALUES (198283, '2014-09-08', 'Germany', 1974, 102821);
INSERT INTO `Reservation` (`ReserveID`, `RequestedDate`, `Destination`, `CompanyID`, `RocketID`) VALUES (200084, '2014-11-05', 'Libyan Arab Jamahiriya', 5693, 289661);
INSERT INTO `Reservation` (`ReserveID`, `RequestedDate`, `Destination`, `CompanyID`, `RocketID`) VALUES (203355, '1990-10-12', 'MarsCity', 8260, 395514);
INSERT INTO `Reservation` (`ReserveID`, `RequestedDate`, `Destination`, `CompanyID`, `RocketID`) VALUES (207429, '1978-03-07', 'Antigua and Barbuda', 6709, 319786);
INSERT INTO `Reservation` (`ReserveID`, `RequestedDate`, `Destination`, `CompanyID`, `RocketID`) VALUES (212145, '2017-09-26', 'Aruba', 3631, 176713);
INSERT INTO `Reservation` (`ReserveID`, `RequestedDate`, `Destination`, `CompanyID`, `RocketID`) VALUES (212808, '1970-08-23', 'Netherlands Antilles', 7467, 344307);
INSERT INTO `Reservation` (`ReserveID`, `RequestedDate`, `Destination`, `CompanyID`, `RocketID`) VALUES (214158, '2002-03-27', 'MarsCity', 9574, 478397);
INSERT INTO `Reservation` (`ReserveID`, `RequestedDate`, `Destination`, `CompanyID`, `RocketID`) VALUES (214376, '2005-04-06', 'Denmark', 7321, 326153);
INSERT INTO `Reservation` (`ReserveID`, `RequestedDate`, `Destination`, `CompanyID`, `RocketID`) VALUES (215385, '2005-02-25', 'Saint Pierre and Miquelon', 7372, 326344);
INSERT INTO `Reservation` (`ReserveID`, `RequestedDate`, `Destination`, `CompanyID`, `RocketID`) VALUES (215695, '2014-03-02', 'Albania', 5527, 273890);
INSERT INTO `Reservation` (`ReserveID`, `RequestedDate`, `Destination`, `CompanyID`, `RocketID`) VALUES (218042, '1997-08-22', 'Palestinian Territory', 5504, 269975);
INSERT INTO `Reservation` (`ReserveID`, `RequestedDate`, `Destination`, `CompanyID`, `RocketID`) VALUES (218257, '1997-04-17', 'Uruguay', 5840, 297866);
INSERT INTO `Reservation` (`ReserveID`, `RequestedDate`, `Destination`, `CompanyID`, `RocketID`) VALUES (219535, '1995-05-15', 'Faroe Islands', 9515, 474873);
INSERT INTO `Reservation` (`ReserveID`, `RequestedDate`, `Destination`, `CompanyID`, `RocketID`) VALUES (231451, '1971-06-14', 'United States of America', 3181, 157369);
INSERT INTO `Reservation` (`ReserveID`, `RequestedDate`, `Destination`, `CompanyID`, `RocketID`) VALUES (235654, '2015-01-15', 'Northern Mariana Islands', 9851, 483001);
INSERT INTO `Reservation` (`ReserveID`, `RequestedDate`, `Destination`, `CompanyID`, `RocketID`) VALUES (236197, '1983-02-11', 'New Caledonia', 8838, 441863);
INSERT INTO `Reservation` (`ReserveID`, `RequestedDate`, `Destination`, `CompanyID`, `RocketID`) VALUES (244909, '1991-10-11', 'Marshall Islands', 8097, 380268);
INSERT INTO `Reservation` (`ReserveID`, `RequestedDate`, `Destination`, `CompanyID`, `RocketID`) VALUES (245748, '2016-01-11', 'Greece', 2643, 118425);
INSERT INTO `Reservation` (`ReserveID`, `RequestedDate`, `Destination`, `CompanyID`, `RocketID`) VALUES (246456, '1994-05-25', 'Portugal', 4230, 217220);
INSERT INTO `Reservation` (`ReserveID`, `RequestedDate`, `Destination`, `CompanyID`, `RocketID`) VALUES (246878, '1996-08-17', 'Saint Martin', 8055, 378632);
INSERT INTO `Reservation` (`ReserveID`, `RequestedDate`, `Destination`, `CompanyID`, `RocketID`) VALUES (247854, '1973-02-23', 'Marshall Islands', 1533, 42061);
INSERT INTO `Reservation` (`ReserveID`, `RequestedDate`, `Destination`, `CompanyID`, `RocketID`) VALUES (247970, '2014-10-08', 'Armenia', 4038, 188318);
INSERT INTO `Reservation` (`ReserveID`, `RequestedDate`, `Destination`, `CompanyID`, `RocketID`) VALUES (249984, '1986-11-28', 'Tuvalu', 1285, 19383);
INSERT INTO `Reservation` (`ReserveID`, `RequestedDate`, `Destination`, `CompanyID`, `RocketID`) VALUES (258552, '2000-10-25', 'Kuwait', 5701, 292877);
INSERT INTO `Reservation` (`ReserveID`, `RequestedDate`, `Destination`, `CompanyID`, `RocketID`) VALUES (259009, '1994-12-04', 'Cameroon', 6524, 313789);
INSERT INTO `Reservation` (`ReserveID`, `RequestedDate`, `Destination`, `CompanyID`, `RocketID`) VALUES (259354, '1993-02-22', 'Malawi', 8091, 379285);
INSERT INTO `Reservation` (`ReserveID`, `RequestedDate`, `Destination`, `CompanyID`, `RocketID`) VALUES (260920, '2015-12-16', 'French Guiana', 8771, 440380);
INSERT INTO `Reservation` (`ReserveID`, `RequestedDate`, `Destination`, `CompanyID`, `RocketID`) VALUES (261313, '1982-12-21', 'Falkland Islands (Malvinas)', 7380, 327407);
INSERT INTO `Reservation` (`ReserveID`, `RequestedDate`, `Destination`, `CompanyID`, `RocketID`) VALUES (263268, '2000-03-23', 'New Caledonia', 1624, 52368);
INSERT INTO `Reservation` (`ReserveID`, `RequestedDate`, `Destination`, `CompanyID`, `RocketID`) VALUES (264762, '2004-05-14', 'Finland', 7899, 363153);
INSERT INTO `Reservation` (`ReserveID`, `RequestedDate`, `Destination`, `CompanyID`, `RocketID`) VALUES (266257, '1984-11-18', 'Guinea-Bissau', 1234, 19085);
INSERT INTO `Reservation` (`ReserveID`, `RequestedDate`, `Destination`, `CompanyID`, `RocketID`) VALUES (266689, '1971-03-10', 'Dominican Republic', 1994, 106571);
INSERT INTO `Reservation` (`ReserveID`, `RequestedDate`, `Destination`, `CompanyID`, `RocketID`) VALUES (270760, '2011-01-01', 'Equatorial Guinea', 8461, 439329);
INSERT INTO `Reservation` (`ReserveID`, `RequestedDate`, `Destination`, `CompanyID`, `RocketID`) VALUES (280660, '2014-07-24', 'Madagascar', 3890, 179299);
INSERT INTO `Reservation` (`ReserveID`, `RequestedDate`, `Destination`, `CompanyID`, `RocketID`) VALUES (285380, '1985-05-02', 'Bangladesh', 1922, 86690);
INSERT INTO `Reservation` (`ReserveID`, `RequestedDate`, `Destination`, `CompanyID`, `RocketID`) VALUES (288142, '1976-02-05', 'French Guiana', 8026, 377666);
INSERT INTO `Reservation` (`ReserveID`, `RequestedDate`, `Destination`, `CompanyID`, `RocketID`) VALUES (288289, '1991-01-26', 'Sao Tome and Principe', 9116, 452161);
INSERT INTO `Reservation` (`ReserveID`, `RequestedDate`, `Destination`, `CompanyID`, `RocketID`) VALUES (295467, '1989-09-18', 'Burundi', 6019, 311027);
INSERT INTO `Reservation` (`ReserveID`, `RequestedDate`, `Destination`, `CompanyID`, `RocketID`) VALUES (296541, '1999-08-10', 'Paraguay', 4629, 225268);
INSERT INTO `Reservation` (`ReserveID`, `RequestedDate`, `Destination`, `CompanyID`, `RocketID`) VALUES (297142, '1973-05-28', 'Burundi', 1413, 26815);
INSERT INTO `Reservation` (`ReserveID`, `RequestedDate`, `Destination`, `CompanyID`, `RocketID`) VALUES (307014, '1999-07-02', 'Dominica', 7431, 328396);
INSERT INTO `Reservation` (`ReserveID`, `RequestedDate`, `Destination`, `CompanyID`, `RocketID`) VALUES (310260, '1982-04-14', 'Sri Lanka', 3203, 163077);
INSERT INTO `Reservation` (`ReserveID`, `RequestedDate`, `Destination`, `CompanyID`, `RocketID`) VALUES (326127, '1980-01-16', 'Mongolia', 4488, 225193);
INSERT INTO `Reservation` (`ReserveID`, `RequestedDate`, `Destination`, `CompanyID`, `RocketID`) VALUES (326318, '1982-01-12', 'Namibia', 9271, 454526);
INSERT INTO `Reservation` (`ReserveID`, `RequestedDate`, `Destination`, `CompanyID`, `RocketID`) VALUES (327691, '2014-08-16', 'Tokelau', 1598, 46574);
INSERT INTO `Reservation` (`ReserveID`, `RequestedDate`, `Destination`, `CompanyID`, `RocketID`) VALUES (333427, '1976-12-05', 'United States Virgin Islands', 1914, 85597);
INSERT INTO `Reservation` (`ReserveID`, `RequestedDate`, `Destination`, `CompanyID`, `RocketID`) VALUES (339579, '1998-06-28', 'Montserrat', 2245, 111131);
INSERT INTO `Reservation` (`ReserveID`, `RequestedDate`, `Destination`, `CompanyID`, `RocketID`) VALUES (342497, '1987-03-02', 'Seychelles', 7573, 350423);
INSERT INTO `Reservation` (`ReserveID`, `RequestedDate`, `Destination`, `CompanyID`, `RocketID`) VALUES (343796, '1981-11-08', 'Russian Federation', 4744, 228521);
INSERT INTO `Reservation` (`ReserveID`, `RequestedDate`, `Destination`, `CompanyID`, `RocketID`) VALUES (343804, '2007-09-23', 'Heard Island and McDonald Isla', 5391, 252122);
INSERT INTO `Reservation` (`ReserveID`, `RequestedDate`, `Destination`, `CompanyID`, `RocketID`) VALUES (351964, '1986-04-14', 'Indonesia', 9596, 480724);
INSERT INTO `Reservation` (`ReserveID`, `RequestedDate`, `Destination`, `CompanyID`, `RocketID`) VALUES (354135, '2003-05-22', 'Bhutan', 2420, 115938);
INSERT INTO `Reservation` (`ReserveID`, `RequestedDate`, `Destination`, `CompanyID`, `RocketID`) VALUES (355129, '1976-07-16', 'Tokelau', 4758, 228723);
INSERT INTO `Reservation` (`ReserveID`, `RequestedDate`, `Destination`, `CompanyID`, `RocketID`) VALUES (356787, '1988-07-15', 'Zambia', 7229, 324415);
INSERT INTO `Reservation` (`ReserveID`, `RequestedDate`, `Destination`, `CompanyID`, `RocketID`) VALUES (363828, '1986-06-30', 'Mauritius', 4223, 215064);
INSERT INTO `Reservation` (`ReserveID`, `RequestedDate`, `Destination`, `CompanyID`, `RocketID`) VALUES (367460, '1976-06-05', 'Montenegro', 8427, 421538);
INSERT INTO `Reservation` (`ReserveID`, `RequestedDate`, `Destination`, `CompanyID`, `RocketID`) VALUES (367484, '2006-12-14', 'Northern Mariana Islands', 8881, 446123);
INSERT INTO `Reservation` (`ReserveID`, `RequestedDate`, `Destination`, `CompanyID`, `RocketID`) VALUES (367907, '2006-01-05', 'Pitcairn Islands', 8416, 417934);
INSERT INTO `Reservation` (`ReserveID`, `RequestedDate`, `Destination`, `CompanyID`, `RocketID`) VALUES (370533, '2002-12-15', 'Thailand', 1291, 20711);
INSERT INTO `Reservation` (`ReserveID`, `RequestedDate`, `Destination`, `CompanyID`, `RocketID`) VALUES (370810, '1986-03-01', 'Albania', 2944, 133474);
INSERT INTO `Reservation` (`ReserveID`, `RequestedDate`, `Destination`, `CompanyID`, `RocketID`) VALUES (378562, '1972-05-13', 'Azerbaijan', 5306, 244260);
INSERT INTO `Reservation` (`ReserveID`, `RequestedDate`, `Destination`, `CompanyID`, `RocketID`) VALUES (379192, '1973-11-18', 'Tokelau', 5845, 309031);
INSERT INTO `Reservation` (`ReserveID`, `RequestedDate`, `Destination`, `CompanyID`, `RocketID`) VALUES (381732, '2002-02-21', 'Colombia', 6817, 322874);
INSERT INTO `Reservation` (`ReserveID`, `RequestedDate`, `Destination`, `CompanyID`, `RocketID`) VALUES (388417, '1993-02-28', 'Uzbekistan', 4350, 223942);
INSERT INTO `Reservation` (`ReserveID`, `RequestedDate`, `Destination`, `CompanyID`, `RocketID`) VALUES (390445, '1993-12-25', 'South Africa', 9298, 457639);
INSERT INTO `Reservation` (`ReserveID`, `RequestedDate`, `Destination`, `CompanyID`, `RocketID`) VALUES (393964, '1991-05-15', 'Brazil', 1762, 59199);

#
# TABLE STRUCTURE FOR: Cargo
#

INSERT INTO `Cargo` (`CargoID`, `CargoType`, `Weight`, `Value`, `CompanyID`) VALUES (1102078, 'MediumAquaMarine', 79943, 572976, 1533);
INSERT INTO `Cargo` (`CargoID`, `CargoType`, `Weight`, `Value`, `CompanyID`) VALUES (2102078, 'MediumAquaMarine', 79943, 572976, 1533);
INSERT INTO `Cargo` (`CargoID`, `CargoType`, `Weight`, `Value`, `CompanyID`) VALUES (3102078, 'MediumAquaMarine', 79943, 572976, 1533);
INSERT INTO `Cargo` (`CargoID`, `CargoType`, `Weight`, `Value`, `CompanyID`) VALUES (4102078, 'MediumAquaMarine', 79943, 572976, 1533);

INSERT INTO `Cargo` (`CargoID`, `CargoType`, `Weight`, `Value`, `CompanyID`) VALUES (102078, 'MediumAquaMarine', 79943, 572976, 1533);
INSERT INTO `Cargo` (`CargoID`, `CargoType`, `Weight`, `Value`, `CompanyID`) VALUES (120144, 'DarkBlue', 66253, 1660311, 5291);
INSERT INTO `Cargo` (`CargoID`, `CargoType`, `Weight`, `Value`, `CompanyID`) VALUES (129533, 'DarkGoldenRod', 56169, 162508, 5306);
INSERT INTO `Cargo` (`CargoID`, `CargoType`, `Weight`, `Value`, `CompanyID`) VALUES (141799, 'MistyRose', 81015, 804544, 4038);
INSERT INTO `Cargo` (`CargoID`, `CargoType`, `Weight`, `Value`, `CompanyID`) VALUES (145400, 'CornflowerBlue', 54622, 2861087, 7899);
INSERT INTO `Cargo` (`CargoID`, `CargoType`, `Weight`, `Value`, `CompanyID`) VALUES (155487, 'Red', 24259, 1259764, 5128);
INSERT INTO `Cargo` (`CargoID`, `CargoType`, `Weight`, `Value`, `CompanyID`) VALUES (178193, 'Green', 40408, 1800042, 1413);
INSERT INTO `Cargo` (`CargoID`, `CargoType`, `Weight`, `Value`, `CompanyID`) VALUES (195433, 'MediumAquaMarine', 53320, 3405416, 9515);
INSERT INTO `Cargo` (`CargoID`, `CargoType`, `Weight`, `Value`, `CompanyID`) VALUES (196106, 'GoldenRod', 98403, 1925313, 3203);
INSERT INTO `Cargo` (`CargoID`, `CargoType`, `Weight`, `Value`, `CompanyID`) VALUES (196511, 'SeaShell', 25617, 4899965, 6019);
INSERT INTO `Cargo` (`CargoID`, `CargoType`, `Weight`, `Value`, `CompanyID`) VALUES (205003, 'Peru', 5539, 764105, 4865);
INSERT INTO `Cargo` (`CargoID`, `CargoType`, `Weight`, `Value`, `CompanyID`) VALUES (211972, 'DarkSalmon', 28022, 2576088, 7229);
INSERT INTO `Cargo` (`CargoID`, `CargoType`, `Weight`, `Value`, `CompanyID`) VALUES (215018, 'Lime', 19795, 1748238, 5740);
INSERT INTO `Cargo` (`CargoID`, `CargoType`, `Weight`, `Value`, `CompanyID`) VALUES (220735, 'BlanchedAlmond', 67388, 698787, 3290);
INSERT INTO `Cargo` (`CargoID`, `CargoType`, `Weight`, `Value`, `CompanyID`) VALUES (222019, 'Moccasin', 40118, 4468032, 3901);
INSERT INTO `Cargo` (`CargoID`, `CargoType`, `Weight`, `Value`, `CompanyID`) VALUES (225042, 'Black', 24022, 1911454, 5504);
INSERT INTO `Cargo` (`CargoID`, `CargoType`, `Weight`, `Value`, `CompanyID`) VALUES (230691, 'Teal', 21347, 2522826, 7431);
INSERT INTO `Cargo` (`CargoID`, `CargoType`, `Weight`, `Value`, `CompanyID`) VALUES (233331, 'Gainsboro', 94486, 310413, 8055);
INSERT INTO `Cargo` (`CargoID`, `CargoType`, `Weight`, `Value`, `CompanyID`) VALUES (234005, 'Green', 98468, 4985186, 8261);
INSERT INTO `Cargo` (`CargoID`, `CargoType`, `Weight`, `Value`, `CompanyID`) VALUES (235384, 'WhiteSmoke', 28179, 4542737, 6583);
INSERT INTO `Cargo` (`CargoID`, `CargoType`, `Weight`, `Value`, `CompanyID`) VALUES (235771, 'LemonChiffon', 61975, 755717, 3890);
INSERT INTO `Cargo` (`CargoID`, `CargoType`, `Weight`, `Value`, `CompanyID`) VALUES (245922, 'Chartreuse', 98403, 1573928, 9329);
INSERT INTO `Cargo` (`CargoID`, `CargoType`, `Weight`, `Value`, `CompanyID`) VALUES (261493, 'Plum', 20366, 4768347, 1598);
INSERT INTO `Cargo` (`CargoID`, `CargoType`, `Weight`, `Value`, `CompanyID`) VALUES (263023, 'PapayaWhip', 27818, 1894954, 2944);
INSERT INTO `Cargo` (`CargoID`, `CargoType`, `Weight`, `Value`, `CompanyID`) VALUES (267944, 'DarkMagenta', 92884, 2525245, 1914);
INSERT INTO `Cargo` (`CargoID`, `CargoType`, `Weight`, `Value`, `CompanyID`) VALUES (270729, 'Chocolate', 77908, 3822123, 7907);
INSERT INTO `Cargo` (`CargoID`, `CargoType`, `Weight`, `Value`, `CompanyID`) VALUES (280343, 'MidnightBlue', 66888, 4481199, 8771);
INSERT INTO `Cargo` (`CargoID`, `CargoType`, `Weight`, `Value`, `CompanyID`) VALUES (287026, 'MediumSeaGreen', 75787, 640820, 1121);
INSERT INTO `Cargo` (`CargoID`, `CargoType`, `Weight`, `Value`, `CompanyID`) VALUES (291650, 'Coral', 22652, 4109900, 1624);
INSERT INTO `Cargo` (`CargoID`, `CargoType`, `Weight`, `Value`, `CompanyID`) VALUES (297173, 'Navy', 12423, 2346188, 8091);
INSERT INTO `Cargo` (`CargoID`, `CargoType`, `Weight`, `Value`, `CompanyID`) VALUES (299891, 'Bisque', 23993, 4820600, 3631);
INSERT INTO `Cargo` (`CargoID`, `CargoType`, `Weight`, `Value`, `CompanyID`) VALUES (301559, 'Yellow', 96506, 1523031, 4644);
INSERT INTO `Cargo` (`CargoID`, `CargoType`, `Weight`, `Value`, `CompanyID`) VALUES (303805, 'PapayaWhip', 24528, 4480510, 8097);
INSERT INTO `Cargo` (`CargoID`, `CargoType`, `Weight`, `Value`, `CompanyID`) VALUES (309014, 'PaleVioletRed', 70967, 3812516, 8371);
INSERT INTO `Cargo` (`CargoID`, `CargoType`, `Weight`, `Value`, `CompanyID`) VALUES (320040, 'IndianRed ', 73020, 3449506, 4230);
INSERT INTO `Cargo` (`CargoID`, `CargoType`, `Weight`, `Value`, `CompanyID`) VALUES (327530, 'DarkSalmon', 20483, 4256523, 7380);
INSERT INTO `Cargo` (`CargoID`, `CargoType`, `Weight`, `Value`, `CompanyID`) VALUES (329981, 'SeaGreen', 39974, 4391538, 1922);
INSERT INTO `Cargo` (`CargoID`, `CargoType`, `Weight`, `Value`, `CompanyID`) VALUES (348811, 'DeepPink', 84061, 2217063, 5840);
INSERT INTO `Cargo` (`CargoID`, `CargoType`, `Weight`, `Value`, `CompanyID`) VALUES (350608, 'DarkSlateGray', 99501, 4988115, 5527);
INSERT INTO `Cargo` (`CargoID`, `CargoType`, `Weight`, `Value`, `CompanyID`) VALUES (356278, 'LightSalmon', 73839, 2914989, 2815);
INSERT INTO `Cargo` (`CargoID`, `CargoType`, `Weight`, `Value`, `CompanyID`) VALUES (358634, 'Gold', 92439, 4277966, 1323);
INSERT INTO `Cargo` (`CargoID`, `CargoType`, `Weight`, `Value`, `CompanyID`) VALUES (369888, 'Ivory', 58219, 2391690, 9717);
INSERT INTO `Cargo` (`CargoID`, `CargoType`, `Weight`, `Value`, `CompanyID`) VALUES (380923, 'LightSeaGreen', 53042, 3739873, 8461);
INSERT INTO `Cargo` (`CargoID`, `CargoType`, `Weight`, `Value`, `CompanyID`) VALUES (388995, 'DarkKhaki', 7443, 2260553, 9596);
INSERT INTO `Cargo` (`CargoID`, `CargoType`, `Weight`, `Value`, `CompanyID`) VALUES (391375, 'Tan', 20850, 2544331, 8701);
INSERT INTO `Cargo` (`CargoID`, `CargoType`, `Weight`, `Value`, `CompanyID`) VALUES (391638, 'Wheat', 93895, 4692300, 1291);
INSERT INTO `Cargo` (`CargoID`, `CargoType`, `Weight`, `Value`, `CompanyID`) VALUES (406272, 'LightSlateGray', 27118, 803691, 9851);
INSERT INTO `Cargo` (`CargoID`, `CargoType`, `Weight`, `Value`, `CompanyID`) VALUES (412478, 'WhiteSmoke', 73894, 295539, 8416);
INSERT INTO `Cargo` (`CargoID`, `CargoType`, `Weight`, `Value`, `CompanyID`) VALUES (433674, 'Tan', 52040, 3057222, 2420);
INSERT INTO `Cargo` (`CargoID`, `CargoType`, `Weight`, `Value`, `CompanyID`) VALUES (435143, 'Wheat', 40547, 334966, 5479);
INSERT INTO `Cargo` (`CargoID`, `CargoType`, `Weight`, `Value`, `CompanyID`) VALUES (442703, 'NavajoWhite', 46214, 4575828, 4488);
INSERT INTO `Cargo` (`CargoID`, `CargoType`, `Weight`, `Value`, `CompanyID`) VALUES (449918, 'LemonChiffon', 28851, 309570, 5911);
INSERT INTO `Cargo` (`CargoID`, `CargoType`, `Weight`, `Value`, `CompanyID`) VALUES (454457, 'Silver', 50045, 1896509, 3384);
INSERT INTO `Cargo` (`CargoID`, `CargoType`, `Weight`, `Value`, `CompanyID`) VALUES (460600, 'CadetBlue', 21316, 3186196, 1762);
INSERT INTO `Cargo` (`CargoID`, `CargoType`, `Weight`, `Value`, `CompanyID`) VALUES (461793, 'Gainsboro', 90635, 3299230, 9271);
INSERT INTO `Cargo` (`CargoID`, `CargoType`, `Weight`, `Value`, `CompanyID`) VALUES (477536, 'Magenta', 18922, 1765142, 7783);
INSERT INTO `Cargo` (`CargoID`, `CargoType`, `Weight`, `Value`, `CompanyID`) VALUES (492103, 'DarkSalmon', 67021, 4375319, 4973);
INSERT INTO `Cargo` (`CargoID`, `CargoType`, `Weight`, `Value`, `CompanyID`) VALUES (509524, 'LightSlateGray', 45791, 1212108, 8881);
INSERT INTO `Cargo` (`CargoID`, `CargoType`, `Weight`, `Value`, `CompanyID`) VALUES (513049, 'MediumSpringGreen', 51433, 2117284, 6524);
INSERT INTO `Cargo` (`CargoID`, `CargoType`, `Weight`, `Value`, `CompanyID`) VALUES (516723, 'Lavender', 65271, 776633, 6709);
INSERT INTO `Cargo` (`CargoID`, `CargoType`, `Weight`, `Value`, `CompanyID`) VALUES (531768, 'OrangeRed', 40798, 2902278, 8427);
INSERT INTO `Cargo` (`CargoID`, `CargoType`, `Weight`, `Value`, `CompanyID`) VALUES (532702, 'HoneyDew', 10330, 2613147, 1285);
INSERT INTO `Cargo` (`CargoID`, `CargoType`, `Weight`, `Value`, `CompanyID`) VALUES (543978, 'Lavender', 34754, 3231837, 2245);
INSERT INTO `Cargo` (`CargoID`, `CargoType`, `Weight`, `Value`, `CompanyID`) VALUES (575301, 'Brown', 79902, 1451518, 3181);
INSERT INTO `Cargo` (`CargoID`, `CargoType`, `Weight`, `Value`, `CompanyID`) VALUES (575384, 'RoyalBlue', 35359, 3869403, 4350);
INSERT INTO `Cargo` (`CargoID`, `CargoType`, `Weight`, `Value`, `CompanyID`) VALUES (577229, 'Fuchsia', 24664, 296010, 2643);
INSERT INTO `Cargo` (`CargoID`, `CargoType`, `Weight`, `Value`, `CompanyID`) VALUES (577332, 'Gold', 42423, 2700068, 4629);
INSERT INTO `Cargo` (`CargoID`, `CargoType`, `Weight`, `Value`, `CompanyID`) VALUES (580270, 'SandyBrown', 8227, 320599, 5510);
INSERT INTO `Cargo` (`CargoID`, `CargoType`, `Weight`, `Value`, `CompanyID`) VALUES (583522, 'Blue', 66448, 919142, 3397);
INSERT INTO `Cargo` (`CargoID`, `CargoType`, `Weight`, `Value`, `CompanyID`) VALUES (589664, 'MidnightBlue', 62267, 879576, 9574);
INSERT INTO `Cargo` (`CargoID`, `CargoType`, `Weight`, `Value`, `CompanyID`) VALUES (599932, 'Maroon', 32072, 414474, 8260);
INSERT INTO `Cargo` (`CargoID`, `CargoType`, `Weight`, `Value`, `CompanyID`) VALUES (605785, 'Purple', 81407, 169117, 8026);
INSERT INTO `Cargo` (`CargoID`, `CargoType`, `Weight`, `Value`, `CompanyID`) VALUES (611087, 'MediumPurple', 49881, 2832761, 1994);
INSERT INTO `Cargo` (`CargoID`, `CargoType`, `Weight`, `Value`, `CompanyID`) VALUES (611159, 'Purple', 21565, 485872, 1234);
INSERT INTO `Cargo` (`CargoID`, `CargoType`, `Weight`, `Value`, `CompanyID`) VALUES (630256, 'DarkSlateBlue', 82764, 299947, 4102);
INSERT INTO `Cargo` (`CargoID`, `CargoType`, `Weight`, `Value`, `CompanyID`) VALUES (630830, 'PeachPuff', 42242, 2115702, 7573);
INSERT INTO `Cargo` (`CargoID`, `CargoType`, `Weight`, `Value`, `CompanyID`) VALUES (641970, 'MediumSeaGreen', 78639, 2683450, 7372);
INSERT INTO `Cargo` (`CargoID`, `CargoType`, `Weight`, `Value`, `CompanyID`) VALUES (651834, 'AliceBlue', 71888, 2926830, 9298);
INSERT INTO `Cargo` (`CargoID`, `CargoType`, `Weight`, `Value`, `CompanyID`) VALUES (654431, 'LightGray', 80149, 4288781, 5693);
INSERT INTO `Cargo` (`CargoID`, `CargoType`, `Weight`, `Value`, `CompanyID`) VALUES (655718, 'Tan', 24452, 4636348, 5845);
INSERT INTO `Cargo` (`CargoID`, `CargoType`, `Weight`, `Value`, `CompanyID`) VALUES (658371, 'DimGrey', 8441, 3743156, 8239);
INSERT INTO `Cargo` (`CargoID`, `CargoType`, `Weight`, `Value`, `CompanyID`) VALUES (664481, 'Indigo ', 52986, 1726704, 6803);
INSERT INTO `Cargo` (`CargoID`, `CargoType`, `Weight`, `Value`, `CompanyID`) VALUES (668702, 'SaddleBrown', 84137, 4310964, 7321);
INSERT INTO `Cargo` (`CargoID`, `CargoType`, `Weight`, `Value`, `CompanyID`) VALUES (688872, 'Lime', 56089, 4903774, 7467);
INSERT INTO `Cargo` (`CargoID`, `CargoType`, `Weight`, `Value`, `CompanyID`) VALUES (689263, 'GreenYellow', 28526, 4927959, 1974);
INSERT INTO `Cargo` (`CargoID`, `CargoType`, `Weight`, `Value`, `CompanyID`) VALUES (689815, 'LawnGreen', 42532, 1769199, 4084);
INSERT INTO `Cargo` (`CargoID`, `CargoType`, `Weight`, `Value`, `CompanyID`) VALUES (691164, 'DarkCyan', 4499, 1610577, 4758);
INSERT INTO `Cargo` (`CargoID`, `CargoType`, `Weight`, `Value`, `CompanyID`) VALUES (696313, 'LightSeaGreen', 56317, 2906869, 5701);
INSERT INTO `Cargo` (`CargoID`, `CargoType`, `Weight`, `Value`, `CompanyID`) VALUES (698336, 'Thistle', 4165, 3807779, 6817);
INSERT INTO `Cargo` (`CargoID`, `CargoType`, `Weight`, `Value`, `CompanyID`) VALUES (699475, 'DarkMagenta', 16727, 4070304, 8359);
INSERT INTO `Cargo` (`CargoID`, `CargoType`, `Weight`, `Value`, `CompanyID`) VALUES (706488, 'YellowGreen', 67815, 3120952, 1559);
INSERT INTO `Cargo` (`CargoID`, `CargoType`, `Weight`, `Value`, `CompanyID`) VALUES (713303, 'DarkOrchid', 36757, 4682566, 9116);
INSERT INTO `Cargo` (`CargoID`, `CargoType`, `Weight`, `Value`, `CompanyID`) VALUES (713457, 'LightGray', 85516, 906118, 5391);
INSERT INTO `Cargo` (`CargoID`, `CargoType`, `Weight`, `Value`, `CompanyID`) VALUES (715428, 'Beige', 7544, 956132, 3047);
INSERT INTO `Cargo` (`CargoID`, `CargoType`, `Weight`, `Value`, `CompanyID`) VALUES (740296, 'Olive', 49090, 826614, 8838);
INSERT INTO `Cargo` (`CargoID`, `CargoType`, `Weight`, `Value`, `CompanyID`) VALUES (746997, 'SlateGray', 36812, 4495600, 8457);
INSERT INTO `Cargo` (`CargoID`, `CargoType`, `Weight`, `Value`, `CompanyID`) VALUES (759810, 'AntiqueWhite', 64999, 4775567, 4223);
INSERT INTO `Cargo` (`CargoID`, `CargoType`, `Weight`, `Value`, `CompanyID`) VALUES (763503, 'CornflowerBlue', 77739, 3920400, 3831);
INSERT INTO `Cargo` (`CargoID`, `CargoType`, `Weight`, `Value`, `CompanyID`) VALUES (772425, 'LightSalmon', 33071, 1286112, 4744);
INSERT INTO `Cargo` (`CargoID`, `CargoType`, `Weight`, `Value`, `CompanyID`) VALUES (784784, 'Red', 28063, 4360321, 1852);

#
# TABLE STRUCTURE FOR: Officer
#

INSERT INTO `Officer` (`AstroID`) VALUES (138681);
INSERT INTO `Officer` (`AstroID`) VALUES (141685);
INSERT INTO `Officer` (`AstroID`) VALUES (143112);
INSERT INTO `Officer` (`AstroID`) VALUES (147234);
INSERT INTO `Officer` (`AstroID`) VALUES (149625);
INSERT INTO `Officer` (`AstroID`) VALUES (199971);
INSERT INTO `Officer` (`AstroID`) VALUES (202049);
INSERT INTO `Officer` (`AstroID`) VALUES (202815);
INSERT INTO `Officer` (`AstroID`) VALUES (205504);
INSERT INTO `Officer` (`AstroID`) VALUES (243451);
INSERT INTO `Officer` (`AstroID`) VALUES (245268);
INSERT INTO `Officer` (`AstroID`) VALUES (246816);
INSERT INTO `Officer` (`AstroID`) VALUES (247704);
INSERT INTO `Officer` (`AstroID`) VALUES (264225);
INSERT INTO `Officer` (`AstroID`) VALUES (265847);
INSERT INTO `Officer` (`AstroID`) VALUES (266377);
INSERT INTO `Officer` (`AstroID`) VALUES (270615);
INSERT INTO `Officer` (`AstroID`) VALUES (275638);
INSERT INTO `Officer` (`AstroID`) VALUES (282564);
INSERT INTO `Officer` (`AstroID`) VALUES (284384);
INSERT INTO `Officer` (`AstroID`) VALUES (285832);

#
# TABLE STRUCTURE FOR: ShipmentLaunchpadSlot
#

INSERT INTO `ShipmentLaunchpadSlot` (`InvoiceNum`, `ReserveID`, `CargoID`, `Cost`, `AstroID`, `Location`, `PortNum`, `StartDate`, `EndDate`, `StartTime`, `EndTime`) VALUES (315398, 162431, 287026, '71162957.65', 138681, 'MarsCity', 320, '2013-08-29', '1979-09-18', '00:59:07', '14:35:25');
INSERT INTO `ShipmentLaunchpadSlot` (`InvoiceNum`, `ReserveID`, `CargoID`, `Cost`, `AstroID`, `Location`, `PortNum`, `StartDate`, `EndDate`, `StartTime`, `EndTime`) VALUES (318443, 261313, 532702, '78864075.57', 141685, 'MarsCity', 186, '2006-09-08', '1995-02-20', '00:05:26', '16:32:16');
INSERT INTO `ShipmentLaunchpadSlot` (`InvoiceNum`, `ReserveID`, `CargoID`, `Cost`, `AstroID`, `Location`, `PortNum`, `StartDate`, `EndDate`, `StartTime`, `EndTime`) VALUES (325597, 381732, 759810, '16841433.95', 143112, 'MarsCity', 314, '1995-12-03', '2012-07-27', '16:01:53', '14:00:40');
INSERT INTO `ShipmentLaunchpadSlot` (`InvoiceNum`, `ReserveID`, `CargoID`, `Cost`, `AstroID`, `Location`, `PortNum`, `StartDate`, `EndDate`, `StartTime`, `EndTime`) VALUES (330539, 177474, 291650, '52240323.97', 147234, 'Vancouver', 191, '1995-04-27', '2016-12-31', '16:01:53', '01:53:26');
INSERT INTO `ShipmentLaunchpadSlot` (`InvoiceNum`, `ReserveID`, `CargoID`, `Cost`, `AstroID`, `Location`, `PortNum`, `StartDate`, `EndDate`, `StartTime`, `EndTime`) VALUES (344060, 122618, 196106, '43155477.47', 149625, 'Vancouver', 91, '1981-08-28', '2000-05-18', '09:23:17', '14:22:30');
INSERT INTO `ShipmentLaunchpadSlot` (`InvoiceNum`, `ReserveID`, `CargoID`, `Cost`, `AstroID`, `Location`, `PortNum`, `StartDate`, `EndDate`, `StartTime`, `EndTime`) VALUES (355664, 182807, 301559, '80616649.12', 199971, 'Vancouver', 81, '1991-06-22', '1997-04-28', '04:27:55', '13:15:10');
INSERT INTO `ShipmentLaunchpadSlot` (`InvoiceNum`, `ReserveID`, `CargoID`, `Cost`, `AstroID`, `Location`, `PortNum`, `StartDate`, `EndDate`, `StartTime`, `EndTime`) VALUES (362089, 247970, 477536, '62431380.66', 202049, '8073 White Crossing\nEugeneberg, NH 70330-3444', 112, '1989-07-07', '1982-03-25', '23:51:37', '00:18:51');
INSERT INTO `ShipmentLaunchpadSlot` (`InvoiceNum`, `ReserveID`, `CargoID`, `Cost`, `AstroID`, `Location`, `PortNum`, `StartDate`, `EndDate`, `StartTime`, `EndTime`) VALUES (363674, 326127, 641970, '32782264.73', 202815, '706 Beer Unions Apt. 242\nNew Allenland, OH 43969-1574', 391, '2000-04-13', '2015-07-14', '22:16:56', '16:49:12');
INSERT INTO `ShipmentLaunchpadSlot` (`InvoiceNum`, `ReserveID`, `CargoID`, `Cost`, `AstroID`, `Location`, `PortNum`, `StartDate`, `EndDate`, `StartTime`, `EndTime`) VALUES (368576, 246878, 460600, '22498689.52', 205504, '86719 Winifred Plaza\nPort Giovannistad, GA 13757-1219', 141, '1986-07-07', '1992-12-02', '14:28:05', '13:48:36');
INSERT INTO `ShipmentLaunchpadSlot` (`InvoiceNum`, `ReserveID`, `CargoID`, `Cost`, `AstroID`, `Location`, `PortNum`, `StartDate`, `EndDate`, `StartTime`, `EndTime`) VALUES (370659, 266689, 577229, '76458979.99', 243451, '5418 Jocelyn Via Apt. 382\nNorth Eltastad, WY 94964', 202, '2015-02-02', '2013-01-15', '03:03:25', '10:46:56');
INSERT INTO `ShipmentLaunchpadSlot` (`InvoiceNum`, `ReserveID`, `CargoID`, `Cost`, `AstroID`, `Location`, `PortNum`, `StartDate`, `EndDate`, `StartTime`, `EndTime`) VALUES (373806, 212808, 356278, '43441923.91', 245268, '419 Kuvalis Mount\nNew Mandy, WA 83080', 107, '2011-08-16', '1978-07-04', '19:32:10', '23:48:32');
INSERT INTO `ShipmentLaunchpadSlot` (`InvoiceNum`, `ReserveID`, `CargoID`, `Cost`, `AstroID`, `Location`, `PortNum`, `StartDate`, `EndDate`, `StartTime`, `EndTime`) VALUES (375861, 355129, 691164, '46551069.34', 246816, '9861 Friesen Centers\nPort Christian, WY 98809', 99, '1981-04-08', '2001-08-26', '15:21:56', '19:19:04');
INSERT INTO `ShipmentLaunchpadSlot` (`InvoiceNum`, `ReserveID`, `CargoID`, `Cost`, `AstroID`, `Location`, `PortNum`, `StartDate`, `EndDate`, `StartTime`, `EndTime`) VALUES (383268, 342497, 664481, '57037754.3', 247704, '88008 Nitzsche Knolls Suite 022\nJaniyaview, GA 49805', 307, '2004-12-15', '1977-10-05', '10:26:27', '13:43:46');
INSERT INTO `ShipmentLaunchpadSlot` (`InvoiceNum`, `ReserveID`, `CargoID`, `Cost`, `AstroID`, `Location`, `PortNum`, `StartDate`, `EndDate`, `StartTime`, `EndTime`) VALUES (385088, 388417, 763503, '61032156.63', 264225, '346 Vallie Village\nPort Isadoreland, WA 75996-4421', 100, '1982-07-05', '1988-02-19', '18:38:49', '14:56:13');
INSERT INTO `ShipmentLaunchpadSlot` (`InvoiceNum`, `ReserveID`, `CargoID`, `Cost`, `AstroID`, `Location`, `PortNum`, `StartDate`, `EndDate`, `StartTime`, `EndTime`) VALUES (393314, 390445, 772425, '14135033.3', 265847, '7674 Schuppe Dale Suite 119\nHeathcoteton, DC 68919-9629', 236, '2017-03-02', '1983-12-30', '17:33:57', '20:16:13');
INSERT INTO `ShipmentLaunchpadSlot` (`InvoiceNum`, `ReserveID`, `CargoID`, `Cost`, `AstroID`, `Location`, `PortNum`, `StartDate`, `EndDate`, `StartTime`, `EndTime`) VALUES (396475, 133780, 215018, '75909429.63', 266377, '0828 Ebony Roads Suite 616\nEast Colt, NH 12452', 239, '2005-09-13', '1982-01-28', '09:33:06', '22:27:35');
INSERT INTO `ShipmentLaunchpadSlot` (`InvoiceNum`, `ReserveID`, `CargoID`, `Cost`, `AstroID`, `Location`, `PortNum`, `StartDate`, `EndDate`, `StartTime`, `EndTime`) VALUES (400921, 203355, 329981, '47021675.31', 270615, '9701 Jessika Extension Apt. 186\nLake Verdieville, DC 55937', 171, '1973-03-03', '1981-06-27', '12:48:17', '01:58:41');
INSERT INTO `ShipmentLaunchpadSlot` (`InvoiceNum`, `ReserveID`, `CargoID`, `Cost`, `AstroID`, `Location`, `PortNum`, `StartDate`, `EndDate`, `StartTime`, `EndTime`) VALUES (402818, 333427, 655718, '23735640.32', 275638, '1729 Krajcik Village\nEast Holdenstad, MD 27425', 289, '1973-12-11', '2005-10-31', '07:49:37', '08:58:33');
INSERT INTO `ShipmentLaunchpadSlot` (`InvoiceNum`, `ReserveID`, `CargoID`, `Cost`, `AstroID`, `Location`, `PortNum`, `StartDate`, `EndDate`, `StartTime`, `EndTime`) VALUES (403015, 215385, 380923, '87048865.44', 282564, '22034 Heaney Mission Apt. 077\nWest Reganborough, DE 25121', 138, '2006-12-27', '1997-12-31', '02:04:20', '06:15:59');
INSERT INTO `ShipmentLaunchpadSlot` (`InvoiceNum`, `ReserveID`, `CargoID`, `Cost`, `AstroID`, `Location`, `PortNum`, `StartDate`, `EndDate`, `StartTime`, `EndTime`) VALUES (416190, 214158, 358634, '20595108.16', 284384, '13644 Strosin Place\nSouth Hailee, DC 95511-6450', 231, '1980-06-11', '1991-09-12', '08:54:50', '20:33:53');
INSERT INTO `ShipmentLaunchpadSlot` (`InvoiceNum`, `ReserveID`, `CargoID`, `Cost`, `AstroID`, `Location`, `PortNum`, `StartDate`, `EndDate`, `StartTime`, `EndTime`) VALUES (426979, 266257, 575384, '79249385.14', 285832, '653 Cynthia Shoals Apt. 048\nNienowberg, SD 06376-2018', 40, '1985-05-04', '2005-06-26', '12:35:04', '14:28:34');

#
# TABLE STRUCTURE FOR: CrewShipment
#


INSERT INTO `CrewShipment` (`AstroID`, `InvoiceNum`) VALUES (104031, 315398);
INSERT INTO `CrewShipment` (`AstroID`, `InvoiceNum`) VALUES (106504, 318443);
INSERT INTO `CrewShipment` (`AstroID`, `InvoiceNum`) VALUES (108918, 325597);
INSERT INTO `CrewShipment` (`AstroID`, `InvoiceNum`) VALUES (109577, 330539);
INSERT INTO `CrewShipment` (`AstroID`, `InvoiceNum`) VALUES (112379, 344060);
INSERT INTO `CrewShipment` (`AstroID`, `InvoiceNum`) VALUES (113747, 355664);
INSERT INTO `CrewShipment` (`AstroID`, `InvoiceNum`) VALUES (116958, 362089);
INSERT INTO `CrewShipment` (`AstroID`, `InvoiceNum`) VALUES (117034, 363674);
INSERT INTO `CrewShipment` (`AstroID`, `InvoiceNum`) VALUES (117119, 368576);
INSERT INTO `CrewShipment` (`AstroID`, `InvoiceNum`) VALUES (122263, 370659);
INSERT INTO `CrewShipment` (`AstroID`, `InvoiceNum`) VALUES (122800, 373806);
INSERT INTO `CrewShipment` (`AstroID`, `InvoiceNum`) VALUES (125322, 375861);
INSERT INTO `CrewShipment` (`AstroID`, `InvoiceNum`) VALUES (131029, 383268);
INSERT INTO `CrewShipment` (`AstroID`, `InvoiceNum`) VALUES (131444, 385088);
INSERT INTO `CrewShipment` (`AstroID`, `InvoiceNum`) VALUES (132664, 393314);
INSERT INTO `CrewShipment` (`AstroID`, `InvoiceNum`) VALUES (133957, 396475);
INSERT INTO `CrewShipment` (`AstroID`, `InvoiceNum`) VALUES (138420, 400921);
INSERT INTO `CrewShipment` (`AstroID`, `InvoiceNum`) VALUES (138424, 402818);
INSERT INTO `CrewShipment` (`AstroID`, `InvoiceNum`) VALUES (138681, 403015);
INSERT INTO `CrewShipment` (`AstroID`, `InvoiceNum`) VALUES (141685, 416190);
INSERT INTO `CrewShipment` (`AstroID`, `InvoiceNum`) VALUES (141874, 426979);
INSERT INTO `CrewShipment` (`AstroID`, `InvoiceNum`) VALUES (143112, 315398); 
INSERT INTO `CrewShipment` (`AstroID`, `InvoiceNum`) VALUES (147234, 318443);
INSERT INTO `CrewShipment` (`AstroID`, `InvoiceNum`) VALUES (149625, 325597);
INSERT INTO `CrewShipment` (`AstroID`, `InvoiceNum`) VALUES (151629, 330539);
INSERT INTO `CrewShipment` (`AstroID`, `InvoiceNum`) VALUES (152500, 344060);
INSERT INTO `CrewShipment` (`AstroID`, `InvoiceNum`) VALUES (152612, 355664);
INSERT INTO `CrewShipment` (`AstroID`, `InvoiceNum`) VALUES (154476, 362089);
INSERT INTO `CrewShipment` (`AstroID`, `InvoiceNum`) VALUES (155790, 363674);
INSERT INTO `CrewShipment` (`AstroID`, `InvoiceNum`) VALUES (156758, 368576);
INSERT INTO `CrewShipment` (`AstroID`, `InvoiceNum`) VALUES (160902, 370659);
INSERT INTO `CrewShipment` (`AstroID`, `InvoiceNum`) VALUES (163100, 373806);
INSERT INTO `CrewShipment` (`AstroID`, `InvoiceNum`) VALUES (165415, 375861);
INSERT INTO `CrewShipment` (`AstroID`, `InvoiceNum`) VALUES (165734, 383268);
INSERT INTO `CrewShipment` (`AstroID`, `InvoiceNum`) VALUES (171643, 385088);
INSERT INTO `CrewShipment` (`AstroID`, `InvoiceNum`) VALUES (171672, 393314);
INSERT INTO `CrewShipment` (`AstroID`, `InvoiceNum`) VALUES (173383, 396475);
INSERT INTO `CrewShipment` (`AstroID`, `InvoiceNum`) VALUES (176832, 400921);
INSERT INTO `CrewShipment` (`AstroID`, `InvoiceNum`) VALUES (178836, 402818);
INSERT INTO `CrewShipment` (`AstroID`, `InvoiceNum`) VALUES (180963, 403015);

#
# TABLE STRUCTURE FOR: Passenger
#


INSERT INTO `Passenger` (`AstroID`, `RequiresAssistance`) VALUES (104031, 'YES');
INSERT INTO `Passenger` (`AstroID`, `RequiresAssistance`) VALUES (106504, 'NO');
INSERT INTO `Passenger` (`AstroID`, `RequiresAssistance`) VALUES (108918, 'YES');
INSERT INTO `Passenger` (`AstroID`, `RequiresAssistance`) VALUES (109577, 'YES');
INSERT INTO `Passenger` (`AstroID`, `RequiresAssistance`) VALUES (112379, 'NO');
INSERT INTO `Passenger` (`AstroID`, `RequiresAssistance`) VALUES (113747, 'NO');
INSERT INTO `Passenger` (`AstroID`, `RequiresAssistance`) VALUES (116958, 'YES');
INSERT INTO `Passenger` (`AstroID`, `RequiresAssistance`) VALUES (117034, 'YES');
INSERT INTO `Passenger` (`AstroID`, `RequiresAssistance`) VALUES (117119, 'YES');
INSERT INTO `Passenger` (`AstroID`, `RequiresAssistance`) VALUES (122263, 'YES');
INSERT INTO `Passenger` (`AstroID`, `RequiresAssistance`) VALUES (122800, 'YES');
INSERT INTO `Passenger` (`AstroID`, `RequiresAssistance`) VALUES (125322, 'YES');
INSERT INTO `Passenger` (`AstroID`, `RequiresAssistance`) VALUES (131029, 'NO');
INSERT INTO `Passenger` (`AstroID`, `RequiresAssistance`) VALUES (131444, 'YES');
INSERT INTO `Passenger` (`AstroID`, `RequiresAssistance`) VALUES (132664, 'YES');
INSERT INTO `Passenger` (`AstroID`, `RequiresAssistance`) VALUES (133957, 'NO');
INSERT INTO `Passenger` (`AstroID`, `RequiresAssistance`) VALUES (138420, 'NO');
INSERT INTO `Passenger` (`AstroID`, `RequiresAssistance`) VALUES (138424, 'YES');
INSERT INTO `Passenger` (`AstroID`, `RequiresAssistance`) VALUES (138681, 'NO');
INSERT INTO `Passenger` (`AstroID`, `RequiresAssistance`) VALUES (141685, 'YES');
INSERT INTO `Passenger` (`AstroID`, `RequiresAssistance`) VALUES (141874, 'YES');
INSERT INTO `Passenger` (`AstroID`, `RequiresAssistance`) VALUES (143112, 'NO');
INSERT INTO `Passenger` (`AstroID`, `RequiresAssistance`) VALUES (147234, 'NO');
INSERT INTO `Passenger` (`AstroID`, `RequiresAssistance`) VALUES (149625, 'NO');
INSERT INTO `Passenger` (`AstroID`, `RequiresAssistance`) VALUES (151629, 'NO');
INSERT INTO `Passenger` (`AstroID`, `RequiresAssistance`) VALUES (152500, 'YES');
INSERT INTO `Passenger` (`AstroID`, `RequiresAssistance`) VALUES (152612, 'YES');
INSERT INTO `Passenger` (`AstroID`, `RequiresAssistance`) VALUES (154476, 'YES');
INSERT INTO `Passenger` (`AstroID`, `RequiresAssistance`) VALUES (155790, 'YES');
INSERT INTO `Passenger` (`AstroID`, `RequiresAssistance`) VALUES (156758, 'YES');

#
# TABLE STRUCTURE FOR: CarryPassengerShipment
#
INSERT INTO `CarryPassengerShipment` (`AstroID`, `InvoiceNum`) VALUES (104031, 315398);
INSERT INTO `CarryPassengerShipment` (`AstroID`, `InvoiceNum`) VALUES (106504, 315398);
INSERT INTO `CarryPassengerShipment` (`AstroID`, `InvoiceNum`) VALUES (108918, 315398);
INSERT INTO `CarryPassengerShipment` (`AstroID`, `InvoiceNum`) VALUES (109577, 315398);
INSERT INTO `CarryPassengerShipment` (`AstroID`, `InvoiceNum`) VALUES (112379, 315398);
INSERT INTO `CarryPassengerShipment` (`AstroID`, `InvoiceNum`) VALUES (113747, 355664);
INSERT INTO `CarryPassengerShipment` (`AstroID`, `InvoiceNum`) VALUES (116958, 362089);
INSERT INTO `CarryPassengerShipment` (`AstroID`, `InvoiceNum`) VALUES (117034, 363674);
INSERT INTO `CarryPassengerShipment` (`AstroID`, `InvoiceNum`) VALUES (117119, 368576);
INSERT INTO `CarryPassengerShipment` (`AstroID`, `InvoiceNum`) VALUES (122263, 370659);
INSERT INTO `CarryPassengerShipment` (`AstroID`, `InvoiceNum`) VALUES (122800, 373806);
INSERT INTO `CarryPassengerShipment` (`AstroID`, `InvoiceNum`) VALUES (125322, 375861);
INSERT INTO `CarryPassengerShipment` (`AstroID`, `InvoiceNum`) VALUES (131029, 383268);
INSERT INTO `CarryPassengerShipment` (`AstroID`, `InvoiceNum`) VALUES (131444, 385088);
INSERT INTO `CarryPassengerShipment` (`AstroID`, `InvoiceNum`) VALUES (132664, 393314);
INSERT INTO `CarryPassengerShipment` (`AstroID`, `InvoiceNum`) VALUES (133957, 396475);
INSERT INTO `CarryPassengerShipment` (`AstroID`, `InvoiceNum`) VALUES (138420, 400921);
INSERT INTO `CarryPassengerShipment` (`AstroID`, `InvoiceNum`) VALUES (138424, 402818);
INSERT INTO `CarryPassengerShipment` (`AstroID`, `InvoiceNum`) VALUES (138681, 403015);
INSERT INTO `CarryPassengerShipment` (`AstroID`, `InvoiceNum`) VALUES (141685, 416190);
INSERT INTO `CarryPassengerShipment` (`AstroID`, `InvoiceNum`) VALUES (141874, 426979);
INSERT INTO `CarryPassengerShipment` (`AstroID`, `InvoiceNum`) VALUES (143112, 426979);#
INSERT INTO `CarryPassengerShipment` (`AstroID`, `InvoiceNum`) VALUES (147234, 416190);
INSERT INTO `CarryPassengerShipment` (`AstroID`, `InvoiceNum`) VALUES (149625, 403015);
INSERT INTO `CarryPassengerShipment` (`AstroID`, `InvoiceNum`) VALUES (151629, 402818);
INSERT INTO `CarryPassengerShipment` (`AstroID`, `InvoiceNum`) VALUES (152500, 400921);
INSERT INTO `CarryPassengerShipment` (`AstroID`, `InvoiceNum`) VALUES (152612, 396475);
INSERT INTO `CarryPassengerShipment` (`AstroID`, `InvoiceNum`) VALUES (154476, 393314);
INSERT INTO `CarryPassengerShipment` (`AstroID`, `InvoiceNum`) VALUES (155790, 385088);
INSERT INTO `CarryPassengerShipment` (`AstroID`, `InvoiceNum`) VALUES (156758, 383268);
INSERT INTO `CarryPassengerShipment` (`AstroID`, `InvoiceNum`) VALUES (160902, 375861);
INSERT INTO `CarryPassengerShipment` (`AstroID`, `InvoiceNum`) VALUES (163100, 373806);
INSERT INTO `CarryPassengerShipment` (`AstroID`, `InvoiceNum`) VALUES (165415, 370659);
INSERT INTO `CarryPassengerShipment` (`AstroID`, `InvoiceNum`) VALUES (165734, 368576);
INSERT INTO `CarryPassengerShipment` (`AstroID`, `InvoiceNum`) VALUES (171643, 363674);
INSERT INTO `CarryPassengerShipment` (`AstroID`, `InvoiceNum`) VALUES (171672, 362089);
INSERT INTO `CarryPassengerShipment` (`AstroID`, `InvoiceNum`) VALUES (173383, 355664);
INSERT INTO `CarryPassengerShipment` (`AstroID`, `InvoiceNum`) VALUES (176832, 344060);
INSERT INTO `CarryPassengerShipment` (`AstroID`, `InvoiceNum`) VALUES (178836, 330539);
INSERT INTO `CarryPassengerShipment` (`AstroID`, `InvoiceNum`) VALUES (180963, 325597);



/*INSERT INTO `ShipmentLaunchpadSlot` (`InvoiceNum`, `ReserveID`, `CargoID`, `Cost`, `AstroID`, `Location`, `PortNum`, `StartDate`, `EndDate`, `StartTime`, `EndTime`) VALUES (428270, 148859, 245922, '80544685.23', 143112, '19624 Larissa Road Suite 347\nGuiseppeport, CT 66754-9266', 251, '2004-08-26', '2017-07-19', '18', '12');
INSERT INTO `ShipmentLaunchpadSlot` (`InvoiceNum`, `ReserveID`, `CargoID`, `Cost`, `AstroID`, `Location`, `PortNum`, `StartDate`, `EndDate`, `StartTime`, `EndTime`) VALUES (430809, 249984, 492103, '16365184.15', 229877, '527 Anibal Isle\nReichelland, DE 90610', 91, '1985-04-01', '1994-01-25', '1', '23');
INSERT INTO `ShipmentLaunchpadSlot` (`InvoiceNum`, `ReserveID`, `CargoID`, `Cost`, `AstroID`, `Location`, `PortNum`, `StartDate`, `EndDate`, `StartTime`, `EndTime`) VALUES (433223, 182575, 299891, '33344252.57', 160902, '60280 Deontae View Apt. 933\nMadgeville, NJ 32191-7567', 208, '1995-03-05', '1972-10-07', '20', '14');
INSERT INTO `ShipmentLaunchpadSlot` (`InvoiceNum`, `ReserveID`, `CargoID`, `Cost`, `AstroID`, `Location`, `PortNum`, `StartDate`, `EndDate`, `StartTime`, `EndTime`) VALUES (446453, 351964, 689263, '35317273.26', 271639, '0612 Yundt Row\nLake Cadehaven, WV 30086', 152, '2010-09-10', '1999-11-14', '18', '14');
INSERT INTO `ShipmentLaunchpadSlot` (`InvoiceNum`, `ReserveID`, `CargoID`, `Cost`, `AstroID`, `Location`, `PortNum`, `StartDate`, `EndDate`, `StartTime`, `EndTime`) VALUES (451758, 370533, 713457, '12074211.02', 289896, '28687 Maia Springs\nNew Tyrell, MT 89987-5657', 286, '1976-02-27', '1992-11-29', '21', '18');
INSERT INTO `ShipmentLaunchpadSlot` (`InvoiceNum`, `ReserveID`, `CargoID`, `Cost`, `AstroID`, `Location`, `PortNum`, `StartDate`, `EndDate`, `StartTime`, `EndTime`) VALUES (451879, 117979, 178193, '72144699.09', 116958, '88343 Grace Motorway Suite 432\nFaustostad, MO 18105', 216, '2018-06-15', '2011-03-04', '20', '9');
INSERT INTO `ShipmentLaunchpadSlot` (`InvoiceNum`, `ReserveID`, `CargoID`, `Cost`, `AstroID`, `Location`, `PortNum`, `StartDate`, `EndDate`, `StartTime`, `EndTime`) VALUES (453232, 180741, 297173, '50331545.19', 156758, '58075 Tyler Fall\nNorth Marjoryshire, ND 28360', 156, '1999-08-29', '1999-08-07', '22', '11');
INSERT INTO `ShipmentLaunchpadSlot` (`InvoiceNum`, `ReserveID`, `CargoID`, `Cost`, `AstroID`, `Location`, `PortNum`, `StartDate`, `EndDate`, `StartTime`, `EndTime`) VALUES (455045, 258552, 509524, '31211822.23', 231207, '171 Franecki Island\nLake Carliside, TX 28143', 248, '1998-01-07', '2001-10-13', '4', '7');
INSERT INTO `ShipmentLaunchpadSlot` (`InvoiceNum`, `ReserveID`, `CargoID`, `Cost`, `AstroID`, `Location`, `PortNum`, `StartDate`, `EndDate`, `StartTime`, `EndTime`) VALUES (461003, 288289, 599932, '72802976.32', 259647, '74591 Frances Divide Apt. 537\nMetzside, KS 06851-8360', 166, '1995-07-15', '1993-09-07', '4', '17');
INSERT INTO `ShipmentLaunchpadSlot` (`InvoiceNum`, `ReserveID`, `CargoID`, `Cost`, `AstroID`, `Location`, `PortNum`, `StartDate`, `EndDate`, `StartTime`, `EndTime`) VALUES (478123, 343804, 688872, '71620822.35', 270615, '31241 Bahringer Prairie Suite 468\nLake Carolina, KY 23417', 227, '1990-12-08', '1976-11-14', '16', '12');
INSERT INTO `ShipmentLaunchpadSlot` (`InvoiceNum`, `ReserveID`, `CargoID`, `Cost`, `AstroID`, `Location`, `PortNum`, `StartDate`, `EndDate`, `StartTime`, `EndTime`) VALUES (486537, 307014, 630256, '43321962.33', 263942, '2117 Ernser Stravenue\nSouth Garnettfort, MO 11579', 275, '1985-03-05', '1988-05-27', '11', '17');
INSERT INTO `ShipmentLaunchpadSlot` (`InvoiceNum`, `ReserveID`, `CargoID`, `Cost`, `AstroID`, `Location`, `PortNum`, `StartDate`, `EndDate`, `StartTime`, `EndTime`) VALUES (500600, 295467, 605785, '23183142.4', 261279, '3730 Mayert Valleys\nBartonton, ID 09051', 369, '1978-11-18', '1991-11-21', '20', '1');
INSERT INTO `ShipmentLaunchpadSlot` (`InvoiceNum`, `ReserveID`, `CargoID`, `Cost`, `AstroID`, `Location`, `PortNum`, `StartDate`, `EndDate`, `StartTime`, `EndTime`) VALUES (519040, 114790, 155487, '12666209.64', 113747, '73311 Genoveva Points\nLake Linatown, IL 20711', 91, '1974-12-29', '1986-09-06', '18', '18');
INSERT INTO `ShipmentLaunchpadSlot` (`InvoiceNum`, `ReserveID`, `CargoID`, `Cost`, `AstroID`, `Location`, `PortNum`, `StartDate`, `EndDate`, `StartTime`, `EndTime`) VALUES (523355, 103436, 102078, '55279846.44', 104031, '17814 Grace Orchard\nFarrellport, WY 32299-4907', 268, '1999-04-26', '2003-10-18', '3', '0');
INSERT INTO `ShipmentLaunchpadSlot` (`InvoiceNum`, `ReserveID`, `CargoID`, `Cost`, `AstroID`, `Location`, `PortNum`, `StartDate`, `EndDate`, `StartTime`, `EndTime`) VALUES (532107, 296541, 611087, '87890626.75', 262639, '049 Dane Plaza\nMetzport, IA 51100-6930', 57, '1996-09-05', '1986-12-26', '0', '12');
INSERT INTO `ShipmentLaunchpadSlot` (`InvoiceNum`, `ReserveID`, `CargoID`, `Cost`, `AstroID`, `Location`, `PortNum`, `StartDate`, `EndDate`, `StartTime`, `EndTime`) VALUES (541696, 378562, 740296, '51279375.57', 292143, '764 Jared Freeway Suite 767\nZiemannshire, OR 80956-2222', 183, '2005-07-15', '2013-05-16', '8', '19');
INSERT INTO `ShipmentLaunchpadSlot` (`InvoiceNum`, `ReserveID`, `CargoID`, `Cost`, `AstroID`, `Location`, `PortNum`, `StartDate`, `EndDate`, `StartTime`, `EndTime`) VALUES (543483, 285380, 583522, '38287653.82', 253879, '87076 Velva Underpass\nRosinamouth, IN 28360', 126, '1970-09-27', '1972-07-04', '15', '3');
INSERT INTO `ShipmentLaunchpadSlot` (`InvoiceNum`, `ReserveID`, `CargoID`, `Cost`, `AstroID`, `Location`, `PortNum`, `StartDate`, `EndDate`, `StartTime`, `EndTime`) VALUES (547773, 141121, 230691, '42410746.34', 138420, '8602 Kuvalis Garden Suite 672\nJacobsonland, AR 56563-5020', 30, '1998-07-27', '2010-12-26', '1', '18');
INSERT INTO `ShipmentLaunchpadSlot` (`InvoiceNum`, `ReserveID`, `CargoID`, `Cost`, `AstroID`, `Location`, `PortNum`, `StartDate`, `EndDate`, `StartTime`, `EndTime`) VALUES (567751, 260920, 531768, '59782997.99', 239727, '9167 Hills Freeway\nO\'Connerborough, NV 52063', 135, '1984-06-19', '1976-10-28', '16', '20');
INSERT INTO `ShipmentLaunchpadSlot` (`InvoiceNum`, `ReserveID`, `CargoID`, `Cost`, `AstroID`, `Location`, `PortNum`, `StartDate`, `EndDate`, `StartTime`, `EndTime`) VALUES (573489, 343796, 668702, '19522868.06', 269397, '3006 Stan Roads\nNorth Woodrowfort, UT 92694', 193, '2009-12-09', '1985-03-18', '20', '2');
INSERT INTO `ShipmentLaunchpadSlot` (`InvoiceNum`, `ReserveID`, `CargoID`, `Cost`, `AstroID`, `Location`, `PortNum`, `StartDate`, `EndDate`, `StartTime`, `EndTime`) VALUES (574640, 200084, 327530, '28597913.43', 171672, '19105 Barton Ferry Suite 870\nLake Marina, TN 86367-1300', 97, '1974-06-08', '2011-08-07', '3', '12');
INSERT INTO `ShipmentLaunchpadSlot` (`InvoiceNum`, `ReserveID`, `CargoID`, `Cost`, `AstroID`, `Location`, `PortNum`, `StartDate`, `EndDate`, `StartTime`, `EndTime`) VALUES (581038, 105576, 129533, '40598073.62', 108918, '804 Morar Vista Apt. 264\nReedland, WY 90852-1287', 386, '1984-12-07', '1997-08-11', '9', '3');
INSERT INTO `ShipmentLaunchpadSlot` (`InvoiceNum`, `ReserveID`, `CargoID`, `Cost`, `AstroID`, `Location`, `PortNum`, `StartDate`, `EndDate`, `StartTime`, `EndTime`) VALUES (581943, 363828, 698336, '82424595.65', 282564, '36103 Aufderhar Views\nGulgowskiburgh, NJ 82076-4669', 50, '1992-08-15', '2006-11-08', '6', '21');
INSERT INTO `ShipmentLaunchpadSlot` (`InvoiceNum`, `ReserveID`, `CargoID`, `Cost`, `AstroID`, `Location`, `PortNum`, `StartDate`, `EndDate`, `StartTime`, `EndTime`) VALUES (583530, 212145, 350608, '76219799.88', 178836, '285 Yundt Points Suite 619\nCarmellafort, NH 05779', 197, '2002-08-18', '2009-11-11', '6', '3');
INSERT INTO `ShipmentLaunchpadSlot` (`InvoiceNum`, `ReserveID`, `CargoID`, `Cost`, `AstroID`, `Location`, `PortNum`, `StartDate`, `EndDate`, `StartTime`, `EndTime`) VALUES (597649, 138056, 222019, '18207936.59', 132664, '19561 Jonatan Oval\nVitaville, ID 10784-3809', 313, '2017-11-22', '1972-03-01', '15', '18');
INSERT INTO `ShipmentLaunchpadSlot` (`InvoiceNum`, `ReserveID`, `CargoID`, `Cost`, `AstroID`, `Location`, `PortNum`, `StartDate`, `EndDate`, `StartTime`, `EndTime`) VALUES (598708, 370810, 715428, '78447667.32', 290224, '136 Will Prairie\nFadelport, CO 54771-6860', 229, '1980-07-07', '1974-03-03', '3', '14');
INSERT INTO `ShipmentLaunchpadSlot` (`InvoiceNum`, `ReserveID`, `CargoID`, `Cost`, `AstroID`, `Location`, `PortNum`, `StartDate`, `EndDate`, `StartTime`, `EndTime`) VALUES (599936, 235654, 433674, '76422565.76', 214311, '5167 Padberg Island\nWest Antonetta, NV 71647', 26, '1994-07-12', '1995-02-23', '9', '20');
INSERT INTO `ShipmentLaunchpadSlot` (`InvoiceNum`, `ReserveID`, `CargoID`, `Cost`, `AstroID`, `Location`, `PortNum`, `StartDate`, `EndDate`, `StartTime`, `EndTime`) VALUES (603697, 155166, 263023, '47033647.76', 149625, '9724 Urban Plain\nNorth Nia, FL 21481', 103, '2000-03-09', '1998-08-04', '16', '0');
INSERT INTO `ShipmentLaunchpadSlot` (`InvoiceNum`, `ReserveID`, `CargoID`, `Cost`, `AstroID`, `Location`, `PortNum`, `StartDate`, `EndDate`, `StartTime`, `EndTime`) VALUES (617080, 264762, 575301, '54195375.54', 243283, '83863 Crooks Court\nUniquemouth, WA 71225', 364, '1972-09-13', '2009-11-07', '21', '13');
INSERT INTO `ShipmentLaunchpadSlot` (`InvoiceNum`, `ReserveID`, `CargoID`, `Cost`, `AstroID`, `Location`, `PortNum`, `StartDate`, `EndDate`, `StartTime`, `EndTime`) VALUES (618615, 263268, 543978, '49492777.49', 242224, '01222 Arlo Flats Suite 360\nSouth Susanaborough, WY 79856-6120', 59, '2017-05-21', '1991-09-21', '0', '19');
INSERT INTO `ShipmentLaunchpadSlot` (`InvoiceNum`, `ReserveID`, `CargoID`, `Cost`, `AstroID`, `Location`, `PortNum`, `StartDate`, `EndDate`, `StartTime`, `EndTime`) VALUES (621087, 247854, 461793, '41176372.67', 225358, '737 Nyasia Way Apt. 314\nNew Faustino, NE 22898', 248, '2009-09-13', '1999-05-13', '6', '23');
INSERT INTO `ShipmentLaunchpadSlot` (`InvoiceNum`, `ReserveID`, `CargoID`, `Cost`, `AstroID`, `Location`, `PortNum`, `StartDate`, `EndDate`, `StartTime`, `EndTime`) VALUES (627405, 158216, 280343, '25146964.61', 152612, '1896 Mueller Knolls\nEast Wyatt, MD 13514-6513', 267, '1977-10-04', '2000-02-03', '11', '20');
INSERT INTO `ShipmentLaunchpadSlot` (`InvoiceNum`, `ReserveID`, `CargoID`, `Cost`, `AstroID`, `Location`, `PortNum`, `StartDate`, `EndDate`, `StartTime`, `EndTime`) VALUES (628000, 310260, 630830, '25670810.39', 264225, '7414 Libby Cove Apt. 460\nLake Shyanneberg, DE 07837-0949', 222, '1979-07-20', '2003-06-01', '14', '23');
INSERT INTO `ShipmentLaunchpadSlot` (`InvoiceNum`, `ReserveID`, `CargoID`, `Cost`, `AstroID`, `Location`, `PortNum`, `StartDate`, `EndDate`, `StartTime`, `EndTime`) VALUES (630964, 270760, 577332, '72263117.24', 246816, '38552 Veda Drives Apt. 567\nLibbybury, MS 42096-5086', 349, '2015-03-20', '1985-11-20', '3', '0');
INSERT INTO `ShipmentLaunchpadSlot` (`InvoiceNum`, `ReserveID`, `CargoID`, `Cost`, `AstroID`, `Location`, `PortNum`, `StartDate`, `EndDate`, `StartTime`, `EndTime`) VALUES (633706, 379192, 746997, '46364956.03', 294647, '0151 Roman Mission Suite 260\nWest Raoulmouth, ND 67039', 136, '1986-01-01', '1977-06-18', '8', '18');
INSERT INTO `ShipmentLaunchpadSlot` (`InvoiceNum`, `ReserveID`, `CargoID`, `Cost`, `AstroID`, `Location`, `PortNum`, `StartDate`, `EndDate`, `StartTime`, `EndTime`) VALUES (651374, 327691, 654431, '84069009.68', 266377, '465 Tillman Burg Apt. 638\nSouth Ocie, OH 23781-3919', 335, '1977-12-20', '2013-04-21', '17', '4');
INSERT INTO `ShipmentLaunchpadSlot` (`InvoiceNum`, `ReserveID`, `CargoID`, `Cost`, `AstroID`, `Location`, `PortNum`, `StartDate`, `EndDate`, `StartTime`, `EndTime`) VALUES (669155, 218257, 391638, '16343353.88', 202049, '303 Herminia Union Apt. 697\nNorth Isidroton, ID 23192', 92, '1998-01-04', '1976-05-11', '5', '9');
INSERT INTO `ShipmentLaunchpadSlot` (`InvoiceNum`, `ReserveID`, `CargoID`, `Cost`, `AstroID`, `Location`, `PortNum`, `StartDate`, `EndDate`, `StartTime`, `EndTime`) VALUES (672992, 139757, 225042, '61895729.59', 133957, '247 Dolly Meadows\nLake Kaitlin, OK 86874', 162, '2014-05-04', '1980-06-27', '15', '18');
INSERT INTO `ShipmentLaunchpadSlot` (`InvoiceNum`, `ReserveID`, `CargoID`, `Cost`, `AstroID`, `Location`, `PortNum`, `StartDate`, `EndDate`, `StartTime`, `EndTime`) VALUES (674526, 339579, 658371, '40586474.29', 266931, '604 Jermaine Dale\nSethton, MN 29916', 201, '1985-02-25', '1992-09-07', '3', '0');
INSERT INTO `ShipmentLaunchpadSlot` (`InvoiceNum`, `ReserveID`, `CargoID`, `Cost`, `AstroID`, `Location`, `PortNum`, `StartDate`, `EndDate`, `StartTime`, `EndTime`) VALUES (677092, 244909, 442703, '84324476.42', 217237, '78559 Maggio Passage Apt. 980\nCodytown, WV 65512', 150, '2014-02-16', '1976-05-04', '3', '6');
INSERT INTO `ShipmentLaunchpadSlot` (`InvoiceNum`, `ReserveID`, `CargoID`, `Cost`, `AstroID`, `Location`, `PortNum`, `StartDate`, `EndDate`, `StartTime`, `EndTime`) VALUES (679081, 108400, 141799, '38817706.08', 109577, '778 Talia Village\nPort Nadia, AK 90882-4328', 74, '1988-12-19', '2002-07-22', '3', '12');
INSERT INTO `ShipmentLaunchpadSlot` (`InvoiceNum`, `ReserveID`, `CargoID`, `Cost`, `AstroID`, `Location`, `PortNum`, `StartDate`, `EndDate`, `StartTime`, `EndTime`) VALUES (692583, 215695, 388995, '22232874.86', 196268, '5463 Anna Summit Suite 544\nYosttown, OH 37928', 145, '1974-09-13', '2018-07-04', '5', '16');
INSERT INTO `ShipmentLaunchpadSlot` (`InvoiceNum`, `ReserveID`, `CargoID`, `Cost`, `AstroID`, `Location`, `PortNum`, `StartDate`, `EndDate`, `StartTime`, `EndTime`) VALUES (701831, 121557, 195433, '26858781.99', 117034, '0969 Joel Wells\nGleichnerview, ME 43730', 200, '1981-04-10', '1985-11-09', '4', '6');
INSERT INTO `ShipmentLaunchpadSlot` (`InvoiceNum`, `ReserveID`, `CargoID`, `Cost`, `AstroID`, `Location`, `PortNum`, `StartDate`, `EndDate`, `StartTime`, `EndTime`) VALUES (702453, 259009, 513049, '31060232.57', 233147, '14857 Ankunding Orchard Suite 455\nTravonport, NM 46355', 200, '1979-04-08', '2012-06-01', '23', '4');
INSERT INTO `ShipmentLaunchpadSlot` (`InvoiceNum`, `ReserveID`, `CargoID`, `Cost`, `AstroID`, `Location`, `PortNum`, `StartDate`, `EndDate`, `StartTime`, `EndTime`) VALUES (704417, 104568, 120144, '53016819.71', 106504, '901 Parker Row\nEast Gusfort, NJ 00396-5539', 387, '1980-02-08', '1986-02-28', '7', '17');
INSERT INTO `ShipmentLaunchpadSlot` (`InvoiceNum`, `ReserveID`, `CargoID`, `Cost`, `AstroID`, `Location`, `PortNum`, `StartDate`, `EndDate`, `StartTime`, `EndTime`) VALUES (706571, 245748, 449918, '29436139.32', 220342, '73555 McClure Rapid Suite 373\nBinsbury, DE 28644', 283, '1983-10-24', '2016-06-08', '5', '21');
INSERT INTO `ShipmentLaunchpadSlot` (`InvoiceNum`, `ReserveID`, `CargoID`, `Cost`, `AstroID`, `Location`, `PortNum`, `StartDate`, `EndDate`, `StartTime`, `EndTime`) VALUES (719716, 297142, 611159, '64725072.89', 263043, '143 Marcelle Valleys Apt. 998\nNorth Darian, KS 71868-7131', 336, '1975-09-09', '1992-07-04', '5', '2');
INSERT INTO `ShipmentLaunchpadSlot` (`InvoiceNum`, `ReserveID`, `CargoID`, `Cost`, `AstroID`, `Location`, `PortNum`, `StartDate`, `EndDate`, `StartTime`, `EndTime`) VALUES (732865, 194138, 309014, '33782756.64', 165734, '29612 Volkman Centers Suite 049\nNew Daytonton, ND 26067-7501', 224, '2009-03-05', '2015-07-30', '12', '13');
INSERT INTO `ShipmentLaunchpadSlot` (`InvoiceNum`, `ReserveID`, `CargoID`, `Cost`, `AstroID`, `Location`, `PortNum`, `StartDate`, `EndDate`, `StartTime`, `EndTime`) VALUES (736580, 326318, 651834, '55013636.15', 265847, '730 Waters Parks\nPort Jaden, IL 07793-9552', 274, '2002-08-16', '1987-11-14', '18', '13');
INSERT INTO `ShipmentLaunchpadSlot` (`InvoiceNum`, `ReserveID`, `CargoID`, `Cost`, `AstroID`, `Location`, `PortNum`, `StartDate`, `EndDate`, `StartTime`, `EndTime`) VALUES (742324, 144670, 234005, '22393046.21', 138681, '64770 Zemlak Row Suite 307\nMyrafort, WY 10163', 129, '1981-05-17', '1970-11-18', '18', '17');
INSERT INTO `ShipmentLaunchpadSlot` (`InvoiceNum`, `ReserveID`, `CargoID`, `Cost`, `AstroID`, `Location`, `PortNum`, `StartDate`, `EndDate`, `StartTime`, `EndTime`) VALUES (743468, 288142, 589664, '68308731.34', 258489, '17182 Smith Curve Apt. 450\nBlandamouth, NE 86829-9018', 79, '2008-12-22', '2002-07-20', '3', '18');
INSERT INTO `ShipmentLaunchpadSlot` (`InvoiceNum`, `ReserveID`, `CargoID`, `Cost`, `AstroID`, `Location`, `PortNum`, `StartDate`, `EndDate`, `StartTime`, `EndTime`) VALUES (759320, 158022, 270729, '86539043.11', 152500, '186 Napoleon Prairie Suite 177\nHellerborough, SC 20460', 311, '1993-09-27', '2012-09-15', '7', '18');
INSERT INTO `ShipmentLaunchpadSlot` (`InvoiceNum`, `ReserveID`, `CargoID`, `Cost`, `AstroID`, `Location`, `PortNum`, `StartDate`, `EndDate`, `StartTime`, `EndTime`) VALUES (770025, 141559, 233331, '68245955.29', 138424, '5408 Bernhard Underpass\nNorth Dewayneberg, TX 25143-7472', 129, '1975-12-19', '2001-07-12', '23', '18');
INSERT INTO `ShipmentLaunchpadSlot` (`InvoiceNum`, `ReserveID`, `CargoID`, `Cost`, `AstroID`, `Location`, `PortNum`, `StartDate`, `EndDate`, `StartTime`, `EndTime`) VALUES (793096, 111110, 145400, '14450374.81', 112379, '19877 Ellen Point\nDarronhaven, UT 52276-5760', 249, '2017-08-04', '1980-02-24', '4', '9');
INSERT INTO `ShipmentLaunchpadSlot` (`InvoiceNum`, `ReserveID`, `CargoID`, `Cost`, `AstroID`, `Location`, `PortNum`, `StartDate`, `EndDate`, `StartTime`, `EndTime`) VALUES (801743, 214376, 369888, '26688455.76', 195338, '877 Eleonore Parks Suite 654\nPfefferfurt, SC 20413-1902', 289, '1984-01-01', '1972-01-26', '9', '5');
INSERT INTO `ShipmentLaunchpadSlot` (`InvoiceNum`, `ReserveID`, `CargoID`, `Cost`, `AstroID`, `Location`, `PortNum`, `StartDate`, `EndDate`, `StartTime`, `EndTime`) VALUES (820882, 127819, 205003, '45715934.99', 122800, '14483 Auer Ramp\nShieldsmouth, NE 77342-7049', 285, '1972-06-30', '1981-01-28', '19', '15');
INSERT INTO `ShipmentLaunchpadSlot` (`InvoiceNum`, `ReserveID`, `CargoID`, `Cost`, `AstroID`, `Location`, `PortNum`, `StartDate`, `EndDate`, `StartTime`, `EndTime`) VALUES (824508, 231451, 412478, '43628227.13', 205504, '2145 Mosciski Ports Apt. 104\nLake Eusebio, ME 36480', 151, '2000-10-23', '1991-08-04', '2', '9');
INSERT INTO `ShipmentLaunchpadSlot` (`InvoiceNum`, `ReserveID`, `CargoID`, `Cost`, `AstroID`, `Location`, `PortNum`, `StartDate`, `EndDate`, `StartTime`, `EndTime`) VALUES (831765, 146607, 235771, '73070349.54', 141874, '858 Collier Extensions Apt. 016\nNorth Kevonbury, IA 75360', 23, '1978-08-22', '2004-05-10', '5', '2');
INSERT INTO `ShipmentLaunchpadSlot` (`InvoiceNum`, `ReserveID`, `CargoID`, `Cost`, `AstroID`, `Location`, `PortNum`, `StartDate`, `EndDate`, `StartTime`, `EndTime`) VALUES (836740, 149689, 261493, '49609812.89', 147234, '360 Norval Via\nLake Icieside, WY 97282', 263, '1998-08-15', '1979-09-16', '14', '2');
INSERT INTO `ShipmentLaunchpadSlot` (`InvoiceNum`, `ReserveID`, `CargoID`, `Cost`, `AstroID`, `Location`, `PortNum`, `StartDate`, `EndDate`, `StartTime`, `EndTime`) VALUES (843879, 367907, 713303, '42337157.7', 288081, '5672 Klein Mountain\nKoryhaven, KY 93946-3392', 176, '1991-08-20', '2002-09-27', '7', '11');
INSERT INTO `ShipmentLaunchpadSlot` (`InvoiceNum`, `ReserveID`, `CargoID`, `Cost`, `AstroID`, `Location`, `PortNum`, `StartDate`, `EndDate`, `StartTime`, `EndTime`) VALUES (849307, 280660, 580270, '71797643.18', 247704, '3746 Dooley Extension Suite 176\nBrownport, AL 97470-9897', 72, '1995-05-26', '1988-11-10', '9', '5');
INSERT INTO `ShipmentLaunchpadSlot` (`InvoiceNum`, `ReserveID`, `CargoID`, `Cost`, `AstroID`, `Location`, `PortNum`, `StartDate`, `EndDate`, `StartTime`, `EndTime`) VALUES (850272, 207429, 348811, '33090330.22', 176832, '8529 Cole Coves Apt. 423\nLake Alannafort, MT 00088', 376, '2000-07-04', '1994-06-29', '20', '1');
INSERT INTO `ShipmentLaunchpadSlot` (`InvoiceNum`, `ReserveID`, `CargoID`, `Cost`, `AstroID`, `Location`, `PortNum`, `StartDate`, `EndDate`, `StartTime`, `EndTime`) VALUES (851669, 192702, 303805, '20341225.49', 165415, '9984 Arthur Streets Suite 856\nGrahamfurt, NM 22142', 165, '1992-10-10', '2015-04-14', '10', '10');
INSERT INTO `ShipmentLaunchpadSlot` (`InvoiceNum`, `ReserveID`, `CargoID`, `Cost`, `AstroID`, `Location`, `PortNum`, `StartDate`, `EndDate`, `StartTime`, `EndTime`) VALUES (860527, 367484, 706488, '74960109.44', 285832, '04888 Sipes Meadows Suite 246\nLuettgenside, NY 55371', 87, '2007-05-22', '1973-11-02', '22', '3');
INSERT INTO `ShipmentLaunchpadSlot` (`InvoiceNum`, `ReserveID`, `CargoID`, `Cost`, `AstroID`, `Location`, `PortNum`, `StartDate`, `EndDate`, `StartTime`, `EndTime`) VALUES (862660, 354135, 689815, '67057294.98', 274041, '139 Natalia Wall Suite 177\nAmbertown, IL 50078-1117', 364, '1975-06-22', '1973-07-11', '9', '21');
INSERT INTO `ShipmentLaunchpadSlot` (`InvoiceNum`, `ReserveID`, `CargoID`, `Cost`, `AstroID`, `Location`, `PortNum`, `StartDate`, `EndDate`, `StartTime`, `EndTime`) VALUES (873027, 126582, 196511, '69414559.41', 122263, '7373 Auer Isle\nAufderharfurt, WI 50201', 79, '2018-08-30', '1979-02-10', '21', '14');
INSERT INTO `ShipmentLaunchpadSlot` (`InvoiceNum`, `ReserveID`, `CargoID`, `Cost`, `AstroID`, `Location`, `PortNum`, `StartDate`, `EndDate`, `StartTime`, `EndTime`) VALUES (886110, 218042, 391375, '89281675.59', 199971, '39293 Katelin Forks Apt. 961\nNew Cletusfort, ND 98119', 181, '2017-05-09', '1997-05-26', '17', '19');
INSERT INTO `ShipmentLaunchpadSlot` (`InvoiceNum`, `ReserveID`, `CargoID`, `Cost`, `AstroID`, `Location`, `PortNum`, `StartDate`, `EndDate`, `StartTime`, `EndTime`) VALUES (888508, 236197, 435143, '57560721.36', 216853, '676 Audrey Ranch\nPredovicville, MT 93647-9656', 143, '1972-09-19', '2017-03-13', '12', '21');
INSERT INTO `ShipmentLaunchpadSlot` (`InvoiceNum`, `ReserveID`, `CargoID`, `Cost`, `AstroID`, `Location`, `PortNum`, `StartDate`, `EndDate`, `StartTime`, `EndTime`) VALUES (906987, 145719, 235384, '53402607.5', 141685, '27362 Predovic Fort Apt. 686\nWest Jonathan, ID 09614-3961', 137, '1971-06-01', '1999-01-13', '7', '2');
INSERT INTO `ShipmentLaunchpadSlot` (`InvoiceNum`, `ReserveID`, `CargoID`, `Cost`, `AstroID`, `Location`, `PortNum`, `StartDate`, `EndDate`, `StartTime`, `EndTime`) VALUES (909202, 136248, 220735, '55792651.98', 131444, '872 Everardo Pines Suite 037\nDachborough, NV 14224', 69, '1996-04-23', '2018-08-29', '10', '13');
INSERT INTO `ShipmentLaunchpadSlot` (`InvoiceNum`, `ReserveID`, `CargoID`, `Cost`, `AstroID`, `Location`, `PortNum`, `StartDate`, `EndDate`, `StartTime`, `EndTime`) VALUES (919001, 393964, 784784, '76500930.67', 297951, '8676 Langosh Gateway Apt. 837\nNorth Carmelo, ME 20371', 164, '2007-03-22', '2012-05-22', '0', '2');
INSERT INTO `ShipmentLaunchpadSlot` (`InvoiceNum`, `ReserveID`, `CargoID`, `Cost`, `AstroID`, `Location`, `PortNum`, `StartDate`, `EndDate`, `StartTime`, `EndTime`) VALUES (922541, 356787, 696313, '42777524.87', 275638, '542 Therese Gardens\nSwaniawskiville, WA 25261', 137, '2001-07-15', '1999-09-12', '18', '20');
INSERT INTO `ShipmentLaunchpadSlot` (`InvoiceNum`, `ReserveID`, `CargoID`, `Cost`, `AstroID`, `Location`, `PortNum`, `StartDate`, `EndDate`, `StartTime`, `EndTime`) VALUES (930204, 219535, 406272, '35292779.44', 202815, '44720 Isabell Neck\nOlsontown, TN 72742', 300, '1971-01-16', '1981-08-03', '0', '16');
INSERT INTO `ShipmentLaunchpadSlot` (`InvoiceNum`, `ReserveID`, `CargoID`, `Cost`, `AstroID`, `Location`, `PortNum`, `StartDate`, `EndDate`, `StartTime`, `EndTime`) VALUES (935117, 198283, 320040, '56809447.73', 171643, '097 Walter Views\nNorth Winstonfurt, GA 19920', 25, '1978-01-05', '1982-03-25', '9', '21');
INSERT INTO `ShipmentLaunchpadSlot` (`InvoiceNum`, `ReserveID`, `CargoID`, `Cost`, `AstroID`, `Location`, `PortNum`, `StartDate`, `EndDate`, `StartTime`, `EndTime`) VALUES (935471, 129125, 211972, '64613620.55', 125322, '29672 Thelma Estates Apt. 943\nWest Christopherville, MI 53705', 86, '2006-08-01', '1970-07-03', '2', '9');
INSERT INTO `ShipmentLaunchpadSlot` (`InvoiceNum`, `ReserveID`, `CargoID`, `Cost`, `AstroID`, `Location`, `PortNum`, `StartDate`, `EndDate`, `StartTime`, `EndTime`) VALUES (943479, 155700, 267944, '12959631.87', 151629, '1871 Hartmann Heights Suite 741\nSouth Kaela, WI 68336-7213', 261, '1985-06-02', '1980-10-28', '2', '11');
INSERT INTO `ShipmentLaunchpadSlot` (`InvoiceNum`, `ReserveID`, `CargoID`, `Cost`, `AstroID`, `Location`, `PortNum`, `StartDate`, `EndDate`, `StartTime`, `EndTime`) VALUES (946973, 259354, 516723, '72491682.87', 233369, '0686 Eleanore Circles\nSouth Citlalli, MA 02138-3231', 177, '1983-09-05', '1986-07-25', '7', '1');
INSERT INTO `ShipmentLaunchpadSlot` (`InvoiceNum`, `ReserveID`, `CargoID`, `Cost`, `AstroID`, `Location`, `PortNum`, `StartDate`, `EndDate`, `StartTime`, `EndTime`) VALUES (959851, 367460, 699475, '47213351.3', 284384, '74362 Zelda Fort Suite 457\nLeschmouth, NC 90570-0744', 277, '2003-12-30', '1987-06-18', '14', '16');
INSERT INTO `ShipmentLaunchpadSlot` (`InvoiceNum`, `ReserveID`, `CargoID`, `Cost`, `AstroID`, `Location`, `PortNum`, `StartDate`, `EndDate`, `StartTime`, `EndTime`) VALUES (962821, 246456, 454457, '24396674.19', 220412, '1626 Glenna Well Apt. 857\nFreidaport, UT 85727', 92, '1989-09-13', '1983-09-29', '17', '1');


